{
    "oski_mean_max_error": 0.074975266412806732, 
    "oski_mean_spmv_time": 0.00036230087280273506, 
    "oski_mean_time": 0.06885754110733032, 
    "phil_mean_max_error": 0.030598996307770944, 
    "phil_mean_spmv_time": 0.00036230087280273506, 
    "phil_mean_time": 0.01974640923782349
}