{
    "oski_mean_max_error": 0.071433674330486349, 
    "oski_mean_spmv_time": 0.00039270162582397399, 
    "oski_mean_time": 0.06474003058029175, 
    "phil_mean_max_error": 0.028101775332952435, 
    "phil_mean_spmv_time": 0.00039270162582397399, 
    "phil_mean_time": 0.0200066488571167
}