{
    "oski_mean_max_error": 0.054510686710102625, 
    "oski_mean_spmv_time": 0.00039400121999999625, 
    "oski_mean_time": 0.065296851098, 
    "phil_mean_max_error": 0.019897571055036763, 
    "phil_mean_spmv_time": 0.00039400121999999625, 
    "phil_mean_time": 0.02840167303, 
    "pphil_mean_max_error": 0.019935748434658496, 
    "pphil_mean_spmv_time": 0.00039400121999999625, 
    "pphil_mean_time": 0.003174024465
}