{
    "oski_mean_max_error": 0.073586094832152546, 
    "oski_mean_spmv_time": 0.00037851095199584899, 
    "oski_mean_time": 0.06489609900299072, 
    "phil_mean_max_error": 0.028721093859624968, 
    "phil_mean_spmv_time": 0.00037851095199584899, 
    "phil_mean_time": 0.01989190004196167
}