{
    "oski_mean_max_error": 0.073936639699650419, 
    "oski_mean_spmv_time": 0.00038646936416625999, 
    "oski_mean_time": 0.06481094037490845, 
    "phil_mean_max_error": 0.030870996540406079, 
    "phil_mean_spmv_time": 0.00038646936416625999, 
    "phil_mean_time": 0.01974502064819336
}