{
    "oski_mean_max_error": 0.072003190340741027, 
    "oski_mean_spmv_time": 0.00039270162582397399, 
    "oski_mean_time": 0.0648922288420105, 
    "phil_mean_max_error": 0.031682235016116951, 
    "phil_mean_spmv_time": 0.00039270162582397399, 
    "phil_mean_time": 0.016274119764404297
}