{
    "oski_mean_max_error": 0.074117412136291055, 
    "oski_mean_spmv_time": 0.00041047371999999925, 
    "oski_mean_time": 0.07068793039, 
    "phil_mean_max_error": 0.024236224219775563, 
    "phil_mean_spmv_time": 0.00041047371999999925, 
    "phil_mean_time": 0.028374857660000002, 
    "pphil_mean_max_error": 0.025403203579571675, 
    "pphil_mean_spmv_time": 0.00041047371999999925, 
    "pphil_mean_time": 0.00423552097
}