{
    "oski_mean_max_error": 0.074093347355845982, 
    "oski_mean_spmv_time": 0.0003954911231994625, 
    "oski_mean_time": 0.06486253913635254, 
    "phil_mean_max_error": 0.028938163152272343, 
    "phil_mean_spmv_time": 0.0003954911231994625, 
    "phil_mean_time": 0.019932099875946047
}