{
    "oski_mean_max_error": 0.076273772956191838, 
    "oski_mean_spmv_time": 0.00039270162582397399, 
    "oski_mean_time": 0.06526241914291382, 
    "phil_mean_max_error": 0.03072404032954093, 
    "phil_mean_spmv_time": 0.00039270162582397399, 
    "phil_mean_time": 0.01988981010940552
}