{
    "oski_mean_max_error": 0.069098955973662474, 
    "oski_mean_spmv_time": 0.00024198055267334018, 
    "oski_mean_time": 0.08304560984924317, 
    "phil_mean_max_error": 0.03033512240144871, 
    "phil_mean_spmv_time": 0.00024198055267334018, 
    "phil_mean_time": 0.023492069252777102
}