{
    "oski_mean_max_error": 0.0044314245655410617, 
    "oski_mean_spmv_time": 0.0096956706047057976, 
    "oski_mean_time": 1.24123908081604, 
    "phil_mean_max_error": 0.032515659548952011, 
    "phil_mean_spmv_time": 0.0096956706047057976, 
    "phil_mean_time": 0.06240707093490601
}