{
    "oski_mean_max_error": 0.0045309902416267832, 
    "oski_mean_spmv_time": 0.010130151420000148, 
    "oski_mean_time": 1.17652659844, 
    "phil_mean_max_error": 0.020881902389592318, 
    "phil_mean_spmv_time": 0.010130151420000148, 
    "phil_mean_time": 0.029391381264000004, 
    "pphil_mean_max_error": 0.026813381886441105, 
    "pphil_mean_spmv_time": 0.010130151420000148, 
    "pphil_mean_time": 0.003210468177
}