{
    "oski_mean_max_error": 0.0079942352952142252, 
    "oski_mean_spmv_time": 0.0033811783790588298, 
    "oski_mean_time": 0.3738548489151001, 
    "phil_mean_max_error": 0.031041804425369589, 
    "phil_mean_spmv_time": 0.0033811783790588298, 
    "phil_mean_time": 0.020647221170043945
}