{
    "oski_mean_max_error": 0.0044796251825445933, 
    "oski_mean_spmv_time": 0.0095228068599999827, 
    "oski_mean_time": 1.1498797678600001, 
    "phil_mean_max_error": 0.024784041459667366, 
    "phil_mean_spmv_time": 0.0095228068599999827, 
    "phil_mean_time": 0.03040600389, 
    "pphil_mean_max_error": 0.024014859897555949, 
    "pphil_mean_spmv_time": 0.0095228068599999827, 
    "pphil_mean_time": 0.00399018164
}