{
    "oski_mean_max_error": 0.0075185215498498837, 
    "oski_mean_spmv_time": 0.0033810895799999976, 
    "oski_mean_time": 0.40499215004, 
    "phil_mean_max_error": 0.024583363713041567, 
    "phil_mean_spmv_time": 0.0033810895799999976, 
    "phil_mean_time": 0.02930990236, 
    "pphil_mean_max_error": 0.025236434278503847, 
    "pphil_mean_spmv_time": 0.0033810895799999976, 
    "pphil_mean_time": 0.0045251681900000005
}