{
    "oski_mean_max_error": 0.006836857196061679, 
    "oski_mean_spmv_time": 0.0033971225300000025, 
    "oski_mean_time": 0.37945307412000007, 
    "phil_mean_max_error": 0.025705076331806357, 
    "phil_mean_spmv_time": 0.0033971225300000025, 
    "phil_mean_time": 0.02862895689, 
    "pphil_mean_max_error": 0.019588453701904877, 
    "pphil_mean_spmv_time": 0.0033971225300000025, 
    "pphil_mean_time": 0.0041586044800000005
}