{
    "oski_mean_max_error": 0.0044355702082541906, 
    "oski_mean_spmv_time": 0.010034120082855209, 
    "oski_mean_time": 1.1836782009991456, 
    "phil_mean_max_error": 0.026466675446085653, 
    "phil_mean_spmv_time": 0.010034120082855209, 
    "phil_mean_time": 0.031112379724121095
}