{
    "oski_mean_max_error": 0.0043216015294578964, 
    "oski_mean_spmv_time": 0.010123368150000011, 
    "oski_mean_time": 1.2443115443900001, 
    "phil_mean_max_error": 0.02558945035210268, 
    "phil_mean_spmv_time": 0.010123368150000011, 
    "phil_mean_time": 0.03026263838, 
    "pphil_mean_max_error": 0.026023809450297263, 
    "pphil_mean_spmv_time": 0.010123368150000011, 
    "pphil_mean_time": 0.0042864137
}