{
    "oski_mean_max_error": 0.0064755310780256507, 
    "oski_mean_spmv_time": 0.0068039512634277309, 
    "oski_mean_time": 1.4472464589248657, 
    "phil_mean_max_error": 0.033205139071995848, 
    "phil_mean_spmv_time": 0.0068039512634277309, 
    "phil_mean_time": 0.02617005039367676
}