{
    "oski_mean_max_error": 0.0078831793298940172, 
    "oski_mean_spmv_time": 0.0034374308586120539, 
    "oski_mean_time": 0.3754158689569092, 
    "phil_mean_max_error": 0.024749310757473695, 
    "phil_mean_spmv_time": 0.0034374308586120539, 
    "phil_mean_time": 0.029468800631866455
}