{
    "oski_mean_max_error": 0.0081367967826832394, 
    "oski_mean_spmv_time": 0.0033220314979553263, 
    "oski_mean_time": 0.3237632908621216, 
    "phil_mean_max_error": 0.029852025137833763, 
    "phil_mean_spmv_time": 0.0033220314979553263, 
    "phil_mean_time": 0.013675478885040282
}