{
    "oski_mean_max_error": 0.0080630491852365701, 
    "oski_mean_spmv_time": 0.0037079177900000006, 
    "oski_mean_time": 0.33719734235000004, 
    "phil_mean_max_error": 0.023631143109307633, 
    "phil_mean_spmv_time": 0.0037079177900000006, 
    "phil_mean_time": 0.023621557180000002, 
    "pphil_mean_max_error": 0.023555516913924528, 
    "pphil_mean_spmv_time": 0.0037079177900000006, 
    "pphil_mean_time": 0.0038053803800000004
}