{
    "oski_mean_max_error": 0.0081517078103491326, 
    "oski_mean_spmv_time": 0.005675357509999996, 
    "oski_mean_time": 0.35463854867, 
    "phil_mean_max_error": 0.02273820489657194, 
    "phil_mean_spmv_time": 0.005675357509999996, 
    "phil_mean_time": 0.02347785322, 
    "pphil_mean_max_error": 0.023462735762171918, 
    "pphil_mean_spmv_time": 0.005675357509999996, 
    "pphil_mean_time": 0.0031289054800000007
}