{
    "oski_mean_max_error": 0.0080134381328014603, 
    "oski_mean_spmv_time": 0.0057653403282165554, 
    "oski_mean_time": 0.3206508607052612, 
    "phil_mean_max_error": 0.028692920849398573, 
    "phil_mean_spmv_time": 0.0057653403282165554, 
    "phil_mean_time": 0.01695997920654297
}