{
    "oski_mean_max_error": 0.01106383593997032, 
    "oski_mean_spmv_time": 0.0022972607612609885, 
    "oski_mean_time": 0.2694056897596741, 
    "phil_mean_max_error": 0.028742125132887732, 
    "phil_mean_spmv_time": 0.0022972607612609885, 
    "phil_mean_time": 0.021218450735473633
}