{
    "oski_mean_max_error": 0.011893388131794547, 
    "oski_mean_spmv_time": 0.0022972607612609885, 
    "oski_mean_time": 0.26693802028045654, 
    "phil_mean_max_error": 0.028104117347179654, 
    "phil_mean_spmv_time": 0.0022972607612609885, 
    "phil_mean_time": 0.02122923051132202
}