{
    "oski_mean_max_error": 0.011086477851996278, 
    "oski_mean_spmv_time": 0.0022349331000000023, 
    "oski_mean_time": 0.26637690883700005, 
    "phil_mean_max_error": 0.027494758039344841, 
    "phil_mean_spmv_time": 0.0022349331000000023, 
    "phil_mean_time": 0.029648525961, 
    "pphil_mean_max_error": 0.023199902402201052, 
    "pphil_mean_spmv_time": 0.0022349331000000023, 
    "pphil_mean_time": 0.003197823294
}