{
    "oski_mean_max_error": 0.01115377700277902, 
    "oski_mean_spmv_time": 0.0022349331000000023, 
    "oski_mean_time": 0.29034718065000004, 
    "phil_mean_max_error": 0.022534917782560879, 
    "phil_mean_spmv_time": 0.0022349331000000023, 
    "phil_mean_time": 0.029839784910000004, 
    "pphil_mean_max_error": 0.02345145480030443, 
    "pphil_mean_spmv_time": 0.0022349331000000023, 
    "pphil_mean_time": 0.00442048979
}