{
    "oski_mean_max_error": 0.039468370144447748, 
    "oski_mean_spmv_time": 0.0016413375139236424, 
    "oski_mean_time": 0.15239361042785643, 
    "phil_mean_max_error": 0.032133295109025031, 
    "phil_mean_spmv_time": 0.0016413784027099582, 
    "phil_mean_time": 0.020399540756225586
}