{
    "oski_mean_max_error": 0.038648969547662636, 
    "oski_mean_spmv_time": 0.0017632972016999972, 
    "oski_mean_time": 0.15303673501, 
    "phil_mean_max_error": 0.026059996757058831, 
    "phil_mean_spmv_time": 0.0017497556099999965, 
    "phil_mean_time": 0.02900387519, 
    "pphil_mean_max_error": 0.026732880397039586, 
    "pphil_mean_spmv_time": 0.0017497556099999965, 
    "pphil_mean_time": 0.00462928422
}