{
    "oski_mean_max_error": 0.033366590052420105, 
    "oski_mean_spmv_time": 0.0016799756899999567, 
    "oski_mean_time": 0.150749976659, 
    "phil_mean_max_error": 0.027712639431136856, 
    "phil_mean_spmv_time": 0.0016799756899999567, 
    "phil_mean_time": 0.028693239412, 
    "pphil_mean_max_error": 0.024727185311024441, 
    "pphil_mean_spmv_time": 0.0016799756899999567, 
    "pphil_mean_time": 0.003165861828
}