{
    "oski_mean_max_error": 0.042885110109383534, 
    "oski_mean_spmv_time": 0.00085910081863403329, 
    "oski_mean_time": 0.19271339077911379, 
    "phil_mean_max_error": 0.033316256207656256, 
    "phil_mean_spmv_time": 0.00085910081863403329, 
    "phil_mean_time": 0.03000491963928223
}