{
    "oski_mean_max_error": 0.040241360392214626, 
    "oski_mean_spmv_time": 0.0016413456916809055, 
    "oski_mean_time": 0.15197842054367064, 
    "phil_mean_max_error": 0.031532412478683415, 
    "phil_mean_spmv_time": 0.0016413784027099582, 
    "phil_mean_time": 0.020250851022796633
}