{
    "oski_mean_max_error": 0.037791320749044302, 
    "oski_mean_spmv_time": 0.0016412884473800634, 
    "oski_mean_time": 0.1527322297961426, 
    "phil_mean_max_error": 0.026409608840709461, 
    "phil_mean_spmv_time": 0.0016413784027099582, 
    "phil_mean_time": 0.02948876883407593
}