{
    "oski_mean_max_error": 0.038760376300405325, 
    "oski_mean_spmv_time": 0.0018011999130249064, 
    "oski_mean_time": 0.1670069694291687, 
    "phil_mean_max_error": 0.030880293407401439, 
    "phil_mean_spmv_time": 0.0018011999130249064, 
    "phil_mean_time": 0.02031087108764648
}