{
    "oski_mean_max_error": 0.0092446631158383408, 
    "oski_mean_spmv_time": 0.0095303106307983425, 
    "oski_mean_time": 1.1705707990956116, 
    "phil_mean_max_error": 0.035505089313320616, 
    "phil_mean_spmv_time": 0.0095303106307983425, 
    "phil_mean_time": 0.019756120599060057
}