{
    "oski_mean_max_error": 0.0094469470848435235, 
    "oski_mean_spmv_time": 0.0095303106307983425, 
    "oski_mean_time": 1.165011930223999, 
    "phil_mean_max_error": 0.027815233950488853, 
    "phil_mean_spmv_time": 0.0095303106307983425, 
    "phil_mean_time": 0.03555294958023072
}