{
    "oski_mean_max_error": 0.010210379988421859, 
    "oski_mean_spmv_time": 0.0098168776199999523, 
    "oski_mean_time": 1.181715178443, 
    "phil_mean_max_error": 0.026367614466871015, 
    "phil_mean_spmv_time": 0.0098168776199999523, 
    "phil_mean_time": 0.033648519938, 
    "pphil_mean_max_error": 0.031558784590696796, 
    "pphil_mean_spmv_time": 0.0098168776199999523, 
    "pphil_mean_time": 0.0039042297850000003
}