{
    "oski_mean_max_error": 0.0096500488215931733, 
    "oski_mean_spmv_time": 0.0095303106307983425, 
    "oski_mean_time": 1.163679179698944, 
    "phil_mean_max_error": 0.032105108354788518, 
    "phil_mean_spmv_time": 0.0095303106307983425, 
    "phil_mean_time": 0.024130990501708985
}