{
    "oski_mean_max_error": 0.0090803260834678434, 
    "oski_mean_spmv_time": 0.0097130120699999937, 
    "oski_mean_time": 1.25972643946, 
    "phil_mean_max_error": 0.026222972150709959, 
    "phil_mean_spmv_time": 0.0097130120699999937, 
    "phil_mean_time": 0.03386346195, 
    "pphil_mean_max_error": 0.027424004609675801, 
    "pphil_mean_spmv_time": 0.0097130120699999937, 
    "pphil_mean_time": 0.0046213531
}