{
    "oski_mean_max_error": 0.0092014467721113508, 
    "oski_mean_spmv_time": 0.0098168776200000252, 
    "oski_mean_time": 1.2593711768700002, 
    "phil_mean_max_error": 0.0277889396236904, 
    "phil_mean_spmv_time": 0.0098168776200000252, 
    "phil_mean_time": 0.03390679393, 
    "pphil_mean_max_error": 0.027200183183356774, 
    "pphil_mean_spmv_time": 0.0098168776200000252, 
    "pphil_mean_time": 0.00461154045
}