{
    "oski_mean_max_error": 0.088509061072122391, 
    "oski_mean_spmv_time": 0.012877741049999994, 
    "oski_mean_time": 0.44974453962000005, 
    "phil_mean_max_error": 0.024859087327679084, 
    "phil_mean_spmv_time": 0.012877741049999994, 
    "phil_mean_time": 0.037273290630000004, 
    "pphil_mean_max_error": 0.026099304879142738, 
    "pphil_mean_spmv_time": 0.012877741049999994, 
    "pphil_mean_time": 0.005808989800000001
}