{
    "oski_mean_max_error": 0.092706119370288803, 
    "oski_mean_spmv_time": 0.010404160022735589, 
    "oski_mean_time": 0.4131016993502808, 
    "phil_mean_max_error": 0.030386832125598215, 
    "phil_mean_spmv_time": 0.010404160022735589, 
    "phil_mean_time": 0.026975629141845703
}