{
    "oski_mean_max_error": 0.10524023891133114, 
    "oski_mean_spmv_time": 0.012877741049999746, 
    "oski_mean_time": 0.449737131263, 
    "phil_mean_max_error": 0.022164739331459328, 
    "phil_mean_spmv_time": 0.012877741049999746, 
    "phil_mean_time": 0.037257359041, 
    "pphil_mean_max_error": 0.030760088151374113, 
    "pphil_mean_spmv_time": 0.012877741049999746, 
    "pphil_mean_time": 0.004763125181000001
}