{
    "oski_mean_max_error": 0.020753340883700913, 
    "oski_mean_spmv_time": 0.002114250659942632, 
    "oski_mean_time": 0.1941045507548523, 
    "phil_mean_max_error": 0.021844770161950359, 
    "phil_mean_spmv_time": 0.002114250659942632, 
    "phil_mean_time": 0.016447670266113282
}