{
    "oski_mean_max_error": 0.0386749190352614, 
    "oski_mean_spmv_time": 0.00077959060668945381, 
    "oski_mean_time": 0.07546912112060547, 
    "phil_mean_max_error": 0.032749211363946699, 
    "phil_mean_spmv_time": 0.00077959060668945381, 
    "phil_mean_time": 0.0184523903414917
}