{
    "oski_mean_max_error": 0.097948154758644629, 
    "oski_mean_spmv_time": 0.0013951647281646711, 
    "oski_mean_time": 0.08822416025848388, 
    "phil_mean_max_error": 0.033740821180618157, 
    "phil_mean_spmv_time": 0.0013968896865844708, 
    "phil_mean_time": 0.01937439067977905
}