{
    "oski_mean_max_error": 0.092683432873331459, 
    "oski_mean_spmv_time": 0.044406616115570098, 
    "oski_mean_time": 0.17988191006851195, 
    "phil_mean_max_error": 0.036086929896492558, 
    "phil_mean_spmv_time": 0.042664148235321095, 
    "phil_mean_time": 0.02447188952835083
}