{
    "oski_mean_max_error": 0.10074424585700699, 
    "oski_mean_spmv_time": 0.0014819097518920894, 
    "oski_mean_time": 0.07856074897079468, 
    "phil_mean_max_error": 0.032158665818518527, 
    "phil_mean_spmv_time": 0.0014819097518920894, 
    "phil_mean_time": 0.019274780328826905
}