{
    "oski_mean_max_error": 0.091054697709928301, 
    "oski_mean_spmv_time": 0.0013387298583984362, 
    "oski_mean_time": 0.07850092911911011, 
    "phil_mean_max_error": 0.033459004462373446, 
    "phil_mean_spmv_time": 0.0013387298583984362, 
    "phil_mean_time": 0.019143940247802735
}