{
    "oski_mean_max_error": 0.050402897680450129, 
    "oski_mean_spmv_time": 0.0024521017074584932, 
    "oski_mean_time": 0.2163141611854553, 
    "phil_mean_max_error": 0.029143388180904645, 
    "phil_mean_spmv_time": 0.0024521017074584932, 
    "phil_mean_time": 0.02547841067337036
}