{
    "oski_mean_max_error": 0.050829734537760386, 
    "oski_mean_spmv_time": 0.0024521017074584932, 
    "oski_mean_time": 0.2152930610726929, 
    "phil_mean_max_error": 0.023263083803327089, 
    "phil_mean_spmv_time": 0.0024521017074584932, 
    "phil_mean_time": 0.03545554945343018
}