{
    "oski_mean_max_error": 0.051370239714157134, 
    "oski_mean_spmv_time": 0.0024532941818237279, 
    "oski_mean_time": 0.21521481990203856, 
    "phil_mean_max_error": 0.028404058746186536, 
    "phil_mean_spmv_time": 0.0024521017074584932, 
    "phil_mean_time": 0.025452140807800294
}