{
    "oski_mean_max_error": 0.033433962391085564, 
    "oski_mean_spmv_time": 0.0025996925000000017, 
    "oski_mean_time": 0.21761874105, 
    "phil_mean_max_error": 0.02532364643963847, 
    "phil_mean_spmv_time": 0.0025996925000000017, 
    "phil_mean_time": 0.035138705890000003, 
    "pphil_mean_max_error": 0.015490670812602549, 
    "pphil_mean_spmv_time": 0.0025996925000000017, 
    "pphil_mean_time": 0.00497663705
}