{
    "oski_mean_max_error": 0.04997861610847381, 
    "oski_mean_spmv_time": 0.0025889942070000003, 
    "oski_mean_time": 0.21482118216, 
    "phil_mean_max_error": 0.025090504713667795, 
    "phil_mean_spmv_time": 0.0025104496799999991, 
    "phil_mean_time": 0.03546535279, 
    "pphil_mean_max_error": 0.023185535414871623, 
    "pphil_mean_spmv_time": 0.0025104496799999991, 
    "pphil_mean_time": 0.005324329720000001
}