{
    "oski_mean_max_error": 0.04974867067677384, 
    "oski_mean_spmv_time": 0.0024316280216999959, 
    "oski_mean_time": 0.22988324826000003, 
    "phil_mean_max_error": 0.02437653330550971, 
    "phil_mean_spmv_time": 0.0024322264199999953, 
    "phil_mean_time": 0.03549868283, 
    "pphil_mean_max_error": 0.02429828642649183, 
    "pphil_mean_spmv_time": 0.0024322264199999953, 
    "pphil_mean_time": 0.005054066310000001
}