{
    "oski_mean_max_error": 0.050210184011927186, 
    "oski_mean_spmv_time": 0.0024521017074584932, 
    "oski_mean_time": 0.2160979706892395, 
    "phil_mean_max_error": 0.032383577684900459, 
    "phil_mean_spmv_time": 0.0024521017074584932, 
    "phil_mean_time": 0.02117015069824219
}