{
    "oski_mean_max_error": 0.069447714828659371, 
    "oski_mean_spmv_time": 0.00049477386474609309, 
    "oski_mean_time": 0.056322958999481205, 
    "phil_mean_max_error": 0.035003028151145317, 
    "phil_mean_spmv_time": 0.00049444913864135675, 
    "phil_mean_time": 0.01678898992843628
}