{
    "oski_mean_max_error": 0.06946616833092692, 
    "oski_mean_spmv_time": 0.00049208772999999068, 
    "oski_mean_time": 0.052604452371, 
    "phil_mean_max_error": 0.023875586408390902, 
    "phil_mean_spmv_time": 0.00049208772999999068, 
    "phil_mean_time": 0.029178293246000003, 
    "pphil_mean_max_error": 0.02205942467980648, 
    "pphil_mean_spmv_time": 0.00049208772999999068, 
    "pphil_mean_time": 0.0032603857230000003
}