{
    "oski_mean_max_error": 0.069740008379595972, 
    "oski_mean_spmv_time": 0.00049208773, 
    "oski_mean_time": 0.061159560380000005, 
    "phil_mean_max_error": 0.024539375806492458, 
    "phil_mean_spmv_time": 0.00049208773, 
    "phil_mean_time": 0.029551438290000002, 
    "pphil_mean_max_error": 0.027339758442943181, 
    "pphil_mean_spmv_time": 0.00049208773, 
    "pphil_mean_time": 0.00384344173
}