{
    "oski_mean_max_error": 0.069803498353702809, 
    "oski_mean_spmv_time": 0.00049607276916503848, 
    "oski_mean_time": 0.05647936915466309, 
    "phil_mean_max_error": 0.025770613479254675, 
    "phil_mean_spmv_time": 0.00049444913864135675, 
    "phil_mean_time": 0.029573970560150147
}