{
    "oski_mean_max_error": 0.070887443184860122, 
    "oski_mean_spmv_time": 0.0027569667499999649, 
    "oski_mean_time": 0.193742909836, 
    "phil_mean_max_error": 0.01607428868058134, 
    "phil_mean_spmv_time": 0.0027569667499999649, 
    "phil_mean_time": 0.027749992797000002, 
    "pphil_mean_max_error": 0.017042855234031602, 
    "pphil_mean_spmv_time": 0.0027569667499999649, 
    "pphil_mean_time": 0.003213898893
}