{
    "oski_mean_max_error": 0.094583342594989045, 
    "oski_mean_spmv_time": 0.0030758811950683611, 
    "oski_mean_time": 0.19404416107162475, 
    "phil_mean_max_error": 0.020827423555971388, 
    "phil_mean_spmv_time": 0.0030200099945068377, 
    "phil_mean_time": 0.019831139692230226
}