{
    "oski_mean_max_error": 0.077094285643871496, 
    "oski_mean_spmv_time": 0.0025240908901000047, 
    "oski_mean_time": 0.19311995225, 
    "phil_mean_max_error": 0.017333678331480765, 
    "phil_mean_spmv_time": 0.002514687230000005, 
    "phil_mean_time": 0.028151045740000002, 
    "pphil_mean_max_error": 0.017577899986884173, 
    "pphil_mean_spmv_time": 0.002514687230000005, 
    "pphil_mean_time": 0.0042603308
}