{
    "oski_mean_max_error": 0.088483197209110062, 
    "oski_mean_spmv_time": 0.0026426993131637559, 
    "oski_mean_time": 0.19843509084777833, 
    "phil_mean_max_error": 0.019924573687758754, 
    "phil_mean_spmv_time": 0.0025705313682556131, 
    "phil_mean_time": 0.02002444036239624
}