{
    "oski_mean_max_error": 0.076680299890414333, 
    "oski_mean_spmv_time": 0.0027691108453000036, 
    "oski_mean_time": 0.20731769018, 
    "phil_mean_max_error": 0.016588858045995827, 
    "phil_mean_spmv_time": 0.002750869860000003, 
    "phil_mean_time": 0.0285662268, 
    "pphil_mean_max_error": 0.016339460752882951, 
    "pphil_mean_spmv_time": 0.002750869860000003, 
    "pphil_mean_time": 0.0037345340100000003
}