{
    "oski_mean_max_error": 0.010140303806534039, 
    "oski_mean_spmv_time": 0.0076401185989379847, 
    "oski_mean_time": 0.8884110511608887, 
    "phil_mean_max_error": 0.025430189835355013, 
    "phil_mean_spmv_time": 0.0076401185989379847, 
    "phil_mean_time": 0.022357149158935545
}