{
    "oski_mean_max_error": 0.008686532806480492, 
    "oski_mean_spmv_time": 0.0076591306599998006, 
    "oski_mean_time": 0.903526291474, 
    "phil_mean_max_error": 0.030175696891230033, 
    "phil_mean_spmv_time": 0.0076591306599998006, 
    "phil_mean_time": 0.031008870351, 
    "pphil_mean_max_error": 0.022404483811211025, 
    "pphil_mean_spmv_time": 0.0076591306599998006, 
    "pphil_mean_time": 0.003481483664
}