{
    "oski_mean_max_error": 0.010761185335048216, 
    "oski_mean_spmv_time": 0.0076591306600000105, 
    "oski_mean_time": 0.8995914223400001, 
    "phil_mean_max_error": 0.013090171844306813, 
    "phil_mean_spmv_time": 0.0076591306600000105, 
    "phil_mean_time": 0.03188548158, 
    "pphil_mean_max_error": 0.029787006788564285, 
    "pphil_mean_spmv_time": 0.0076591306600000105, 
    "pphil_mean_time": 0.004623464000000001
}