{
    "oski_mean_max_error": 0.010577127662409013, 
    "oski_mean_spmv_time": 0.0076401185989379847, 
    "oski_mean_time": 0.8878401206318665, 
    "phil_mean_max_error": 0.025812259910650625, 
    "phil_mean_spmv_time": 0.0076401185989379847, 
    "phil_mean_time": 0.02240011086380005
}