{
    "oski_mean_max_error": 0.01004001848624549, 
    "oski_mean_spmv_time": 0.0076591306600000105, 
    "oski_mean_time": 0.9611875509100001, 
    "phil_mean_max_error": 0.020528233041927066, 
    "phil_mean_spmv_time": 0.0076591306600000105, 
    "phil_mean_time": 0.03191818858, 
    "pphil_mean_max_error": 0.020916925655658905, 
    "pphil_mean_spmv_time": 0.0076591306600000105, 
    "pphil_mean_time": 0.00457863312
}