{
    "oski_mean_max_error": 0.01035370805422307, 
    "oski_mean_spmv_time": 0.0076401185989379847, 
    "oski_mean_time": 0.8880366589559937, 
    "phil_mean_max_error": 0.02132029723133818, 
    "phil_mean_spmv_time": 0.0076401185989379847, 
    "phil_mean_time": 0.03197723013214111
}