{
    "oski_mean_max_error": 0.010225766496056008, 
    "oski_mean_spmv_time": 0.0076401185989379847, 
    "oski_mean_time": 0.8892165804299927, 
    "phil_mean_max_error": 0.029164656258780917, 
    "phil_mean_spmv_time": 0.0076401185989379847, 
    "phil_mean_time": 0.018249929777679443
}