{
    "oski_mean_max_error": 3.9852447646363451, 
    "oski_mean_spmv_time": 0.00072341473102569497, 
    "oski_mean_time": 0.043875739032135014, 
    "phil_mean_max_error": 0.045126716068249639, 
    "phil_mean_spmv_time": 0.00072489962577819726, 
    "phil_mean_time": 0.018513550243377686
}