{
    "oski_mean_max_error": 16.419644776027777, 
    "oski_mean_spmv_time": 0.00071820173999999945, 
    "oski_mean_time": 0.042917953870000004, 
    "phil_mean_max_error": 0.019880790576260743, 
    "phil_mean_spmv_time": 0.00071820173999999945, 
    "phil_mean_time": 0.03400490655, 
    "pphil_mean_max_error": 0.01757430206755228, 
    "pphil_mean_spmv_time": 0.00072545120999999982, 
    "pphil_mean_time": 0.004809150000000001
}