{
    "oski_mean_max_error": 3.7348456000747507, 
    "oski_mean_spmv_time": 0.00072109295729999969, 
    "oski_mean_time": 0.046404462720000005, 
    "phil_mean_max_error": 0.033733204728039493, 
    "phil_mean_spmv_time": 0.00072219323519999966, 
    "phil_mean_time": 0.03414193848, 
    "pphil_mean_max_error": 0.03334868541033334, 
    "pphil_mean_spmv_time": 0.00072197146439999986, 
    "pphil_mean_time": 0.004781903810000001
}