{
    "oski_mean_max_error": 4.5187144058269801, 
    "oski_mean_spmv_time": 0.00071780643463134706, 
    "oski_mean_time": 0.045006810518798825, 
    "phil_mean_max_error": 0.033307352271352716, 
    "phil_mean_spmv_time": 0.00072530713081359749, 
    "phil_mean_time": 0.032823580457000734
}