{
    "oski_mean_max_error": 17.90305680493103, 
    "oski_mean_spmv_time": 0.00071820174000000422, 
    "oski_mean_time": 0.04275392216900001, 
    "phil_mean_max_error": 0.069779474333791683, 
    "phil_mean_spmv_time": 0.0007254512100000048, 
    "phil_mean_time": 0.032937383332000005, 
    "pphil_mean_max_error": 0.026155588758104652, 
    "pphil_mean_spmv_time": 0.00071820174000000422, 
    "pphil_mean_time": 0.0034969666360000003
}