{
    "oski_mean_max_error": 4.7199744357746729, 
    "oski_mean_spmv_time": 0.00068077478408813457, 
    "oski_mean_time": 0.04402718978195191, 
    "phil_mean_max_error": 0.040169658223205687, 
    "phil_mean_spmv_time": 0.00064831805229186924, 
    "phil_mean_time": 0.022636700268707278
}