{
    "oski_mean_max_error": 5.6019386499429995, 
    "oski_mean_spmv_time": 0.00072141377925872717, 
    "oski_mean_time": 0.04386967888656616, 
    "phil_mean_max_error": 0.043234952433462287, 
    "phil_mean_spmv_time": 0.00072326960563659569, 
    "phil_mean_time": 0.02272257900115967
}