{
    "oski_mean_max_error": 4.1371742188112313, 
    "oski_mean_spmv_time": 0.0007224274158477784, 
    "oski_mean_time": 0.04383527963989258, 
    "phil_mean_max_error": 0.038051427366929881, 
    "phil_mean_spmv_time": 0.00071788640022277836, 
    "phil_mean_time": 0.02256276035522461
}