{
    "oski_mean_max_error": 0.019832187811875044, 
    "oski_mean_spmv_time": 0.0082793092727661017, 
    "oski_mean_time": 0.5947407207655335, 
    "phil_mean_max_error": 0.024102965249971745, 
    "phil_mean_spmv_time": 0.0082793092727661017, 
    "phil_mean_time": 0.024626039379272463
}