{
    "oski_mean_max_error": 0.020218869780045973, 
    "oski_mean_spmv_time": 0.0077511405944824261, 
    "oski_mean_time": 0.5575306004158019, 
    "phil_mean_max_error": 0.023319441408803723, 
    "phil_mean_spmv_time": 0.0077511405944824261, 
    "phil_mean_time": 0.024761490835113524
}