{
    "oski_mean_max_error": 0.02057431036940521, 
    "oski_mean_spmv_time": 0.0099372322399999876, 
    "oski_mean_time": 0.59815002897, 
    "phil_mean_max_error": 0.020204144579943656, 
    "phil_mean_spmv_time": 0.0099372322399999876, 
    "phil_mean_time": 0.03466200858, 
    "pphil_mean_max_error": 0.01924781028462038, 
    "pphil_mean_spmv_time": 0.0099372322399999876, 
    "pphil_mean_time": 0.005325014
}