{
    "oski_mean_max_error": 0.021398461888487617, 
    "oski_mean_spmv_time": 0.0077153842799999881, 
    "oski_mean_time": 0.59897228273, 
    "phil_mean_max_error": 0.019102603399775878, 
    "phil_mean_spmv_time": 0.0077153842799999881, 
    "phil_mean_time": 0.03466948501, 
    "pphil_mean_max_error": 0.019843055407066042, 
    "pphil_mean_spmv_time": 0.0077153842799999881, 
    "pphil_mean_time": 0.00515199635
}