{
    "oski_mean_max_error": 0.030328609849221044, 
    "oski_mean_spmv_time": 0.001951030289999997, 
    "oski_mean_time": 0.23120457444000003, 
    "phil_mean_max_error": 0.024207347211378325, 
    "phil_mean_spmv_time": 0.001951030289999997, 
    "phil_mean_time": 0.0300755368, 
    "pphil_mean_max_error": 0.022553002753183556, 
    "pphil_mean_spmv_time": 0.001951030289999997, 
    "pphil_mean_time": 0.00464658802
}