{
    "oski_mean_max_error": 0.02850048033064367, 
    "oski_mean_spmv_time": 0.0019192925600000008, 
    "oski_mean_time": 0.24972517464000002, 
    "phil_mean_max_error": 0.022445473860481985, 
    "phil_mean_spmv_time": 0.0019192925600000008, 
    "phil_mean_time": 0.029984716640000002, 
    "pphil_mean_max_error": 0.022690167429909747, 
    "pphil_mean_spmv_time": 0.0019192925600000008, 
    "pphil_mean_time": 0.0048286035000000005
}