{
    "oski_mean_max_error": 0.029831614175477309, 
    "oski_mean_spmv_time": 0.0019349503517150906, 
    "oski_mean_time": 0.23077361018447878, 
    "phil_mean_max_error": 0.022882963302653398, 
    "phil_mean_spmv_time": 0.0019349503517150906, 
    "phil_mean_time": 0.030508898898162842
}