{
    "oski_mean_max_error": 0.030158790123438618, 
    "oski_mean_spmv_time": 0.0020228649600000023, 
    "oski_mean_time": 0.24997122965000002, 
    "phil_mean_max_error": 0.023518922076618751, 
    "phil_mean_spmv_time": 0.0020228649600000023, 
    "phil_mean_time": 0.030195081110000004, 
    "pphil_mean_max_error": 0.02325766254465806, 
    "pphil_mean_spmv_time": 0.0020228649600000023, 
    "pphil_mean_time": 0.00523646202
}