{
    "oski_mean_max_error": 0.014293940025484109, 
    "oski_mean_spmv_time": 0.0050370287895202702, 
    "oski_mean_time": 0.4491934498690796, 
    "phil_mean_max_error": 0.01960951726517602, 
    "phil_mean_spmv_time": 0.0050370287895202702, 
    "phil_mean_time": 0.019635369501342773
}