{
    "oski_mean_max_error": 0.010039667472693071, 
    "oski_mean_spmv_time": 0.0044719290200000731, 
    "oski_mean_time": 0.44744725740400004, 
    "phil_mean_max_error": 0.0095476412205640331, 
    "phil_mean_spmv_time": 0.0044719290200000731, 
    "phil_mean_time": 0.027057003219000002, 
    "pphil_mean_max_error": 0.016036997018007759, 
    "pphil_mean_spmv_time": 0.0044719290200000731, 
    "pphil_mean_time": 0.003201125116
}