{
    "oski_mean_max_error": 0.013626141619800816, 
    "oski_mean_spmv_time": 0.0050370287895202702, 
    "oski_mean_time": 0.4573696207019043, 
    "phil_mean_max_error": 0.019468371394253732, 
    "phil_mean_spmv_time": 0.0050370287895202702, 
    "phil_mean_time": 0.019593980894317627
}