{
    "oski_mean_max_error": 0.010000180866038653, 
    "oski_mean_spmv_time": 0.0024772000312805183, 
    "oski_mean_time": 0.07083094105484009, 
    "phil_mean_max_error": 0.0087299356880463936, 
    "phil_mean_spmv_time": 0.0024772000312805183, 
    "phil_mean_time": 0.012804840655822753
}