{
    "oski_mean_max_error": 0.0098124066822966993, 
    "oski_mean_spmv_time": 0.0013559584600000005, 
    "oski_mean_time": 0.07967928541000001, 
    "phil_mean_max_error": 0.0067524845129656782, 
    "phil_mean_spmv_time": 0.0013559584600000005, 
    "phil_mean_time": 0.02338774219, 
    "pphil_mean_max_error": 0.006840291422312096, 
    "pphil_mean_spmv_time": 0.0013559584600000005, 
    "pphil_mean_time": 0.0030669774300000003
}