{
    "oski_mean_max_error": 0.038966414536734002, 
    "oski_mean_spmv_time": 0.020004302080000022, 
    "oski_mean_time": 0.27996552786, 
    "phil_mean_max_error": 0.0068509734285413315, 
    "phil_mean_spmv_time": 0.020004302080000022, 
    "phil_mean_time": 0.026997860959999998, 
    "pphil_mean_max_error": 0.0073322065325104966, 
    "pphil_mean_spmv_time": 0.020004302080000022, 
    "pphil_mean_time": 0.00361060286
}