{
    "oski_mean_max_error": 0.039917390670380547, 
    "oski_mean_spmv_time": 0.028270559310913126, 
    "oski_mean_time": 0.25868833116973877, 
    "phil_mean_max_error": 0.0095962338804005294, 
    "phil_mean_spmv_time": 0.028270559310913126, 
    "phil_mean_time": 0.01552996947784424
}