{
    "oski_mean_max_error": 0.042750582241543073, 
    "oski_mean_spmv_time": 0.028270559310913126, 
    "oski_mean_time": 0.2601089798623657, 
    "phil_mean_max_error": 0.0083289932261809158, 
    "phil_mean_spmv_time": 0.028270559310913126, 
    "phil_mean_time": 0.019182739990844726
}