{
    "oski_mean_max_error": 0.038988546648062845, 
    "oski_mean_spmv_time": 0.028270559310913126, 
    "oski_mean_time": 0.26017584883789063, 
    "phil_mean_max_error": 0.0068574487044702594, 
    "phil_mean_spmv_time": 0.028270559310913126, 
    "phil_mean_time": 0.027575739569091796
}