{
    "oski_mean_max_error": 0.05333335683354852, 
    "oski_mean_spmv_time": 0.020004302080000022, 
    "oski_mean_time": 0.27399365947000004, 
    "phil_mean_max_error": 0.01546096857192047, 
    "phil_mean_spmv_time": 0.020004302080000022, 
    "phil_mean_time": 0.026529436670000003, 
    "pphil_mean_max_error": 0.011149878187706817, 
    "pphil_mean_spmv_time": 0.020004302080000022, 
    "pphil_mean_time": 0.00384946027
}