{
    "oski_mean_max_error": 0.041950819320409692, 
    "oski_mean_spmv_time": 0.022380445820000046, 
    "oski_mean_time": 0.26874989124000004, 
    "phil_mean_max_error": 0.0069370076961112592, 
    "phil_mean_spmv_time": 0.022380445820000046, 
    "phil_mean_time": 0.02704132757, 
    "pphil_mean_max_error": 0.0072532166815144402, 
    "pphil_mean_spmv_time": 0.022380445820000046, 
    "pphil_mean_time": 0.0037754527400000004
}