{
    "oski_mean_max_error": 0.039674800861477323, 
    "oski_mean_spmv_time": 0.021053140163421576, 
    "oski_mean_time": 0.2599326802909851, 
    "phil_mean_max_error": 0.0082844627820640258, 
    "phil_mean_spmv_time": 0.021053140163421576, 
    "phil_mean_time": 0.01923470110473633
}