{
    "oski_mean_max_error": 0.019783786725306753, 
    "oski_mean_spmv_time": 0.0028381109237670902, 
    "oski_mean_time": 0.3251559905137634, 
    "phil_mean_max_error": 0.028096477909213626, 
    "phil_mean_spmv_time": 0.0028381109237670902, 
    "phil_mean_time": 0.025352780213012696
}