{
    "oski_mean_max_error": 0.020689652895008612, 
    "oski_mean_spmv_time": 0.0055433917045593188, 
    "oski_mean_time": 0.25758381883895876, 
    "phil_mean_max_error": 0.027524263923493678, 
    "phil_mean_spmv_time": 0.0055433917045593188, 
    "phil_mean_time": 0.017330870966033935
}