{
    "oski_mean_max_error": 0.056055531399607422, 
    "oski_mean_spmv_time": 0.0051804804801940914, 
    "oski_mean_time": 0.4074787101663208, 
    "phil_mean_max_error": 0.029163215892468782, 
    "phil_mean_spmv_time": 0.0051804804801940914, 
    "phil_mean_time": 0.0226598095552063
}