{
    "oski_mean_max_error": 0.059967550763879621, 
    "oski_mean_spmv_time": 0.0027888512611389197, 
    "oski_mean_time": 0.5048865995881653, 
    "phil_mean_max_error": 0.0290611625916747, 
    "phil_mean_spmv_time": 0.0027888512611389197, 
    "phil_mean_time": 0.031656340733184817
}