{
    "oski_mean_max_error": 0.035708762138290245, 
    "oski_mean_spmv_time": 0.0016530704498290991, 
    "oski_mean_time": 0.18825909928939819, 
    "phil_mean_max_error": 0.030815725166639382, 
    "phil_mean_spmv_time": 0.0016530704498290991, 
    "phil_mean_time": 0.017857990603790282
}