{
    "oski_mean_max_error": 0.035307133438106278, 
    "oski_mean_spmv_time": 0.0016530704498290991, 
    "oski_mean_time": 0.187170590644989, 
    "phil_mean_max_error": 0.027714186616330072, 
    "phil_mean_spmv_time": 0.0016530704498290991, 
    "phil_mean_time": 0.021927269482879642
}