{
    "oski_mean_max_error": 0.034026847852482368, 
    "oski_mean_spmv_time": 0.0016530704498290991, 
    "oski_mean_time": 0.19046958974639894, 
    "phil_mean_max_error": 0.02250452401642497, 
    "phil_mean_spmv_time": 0.0016530704498290991, 
    "phil_mean_time": 0.030988159774475096
}