{
    "oski_mean_max_error": 0.034503847030227151, 
    "oski_mean_spmv_time": 0.0016209197044372568, 
    "oski_mean_time": 0.18630539930892945, 
    "phil_mean_max_error": 0.028072631687324025, 
    "phil_mean_spmv_time": 0.0016209197044372568, 
    "phil_mean_time": 0.02171885070098877
}