{
    "oski_mean_max_error": 0.03590367432948454, 
    "oski_mean_spmv_time": 0.0015827166500000012, 
    "oski_mean_time": 0.18854570971, 
    "phil_mean_max_error": 0.022580558392059386, 
    "phil_mean_spmv_time": 0.0015827166500000012, 
    "phil_mean_time": 0.0308290672, 
    "pphil_mean_max_error": 0.022325058286377084, 
    "pphil_mean_spmv_time": 0.0015827166500000012, 
    "pphil_mean_time": 0.00470888026
}