{
    "oski_mean_max_error": 0.60041989591263956, 
    "oski_mean_spmv_time": 0.0010370747500000087, 
    "oski_mean_time": 0.053210937358000004, 
    "phil_mean_max_error": 0.016843166224676839, 
    "phil_mean_spmv_time": 0.0010370747500000087, 
    "phil_mean_time": 0.031746967482, 
    "pphil_mean_max_error": 0.014931195072305194, 
    "pphil_mean_spmv_time": 0.0010370747500000087, 
    "pphil_mean_time": 0.00380457277
}