{
    "oski_mean_max_error": 0.5197117493206117, 
    "oski_mean_spmv_time": 0.0010948780536651631, 
    "oski_mean_time": 0.04692195891998291, 
    "phil_mean_max_error": 0.028488767598269217, 
    "phil_mean_spmv_time": 0.0010831093788146997, 
    "phil_mean_time": 0.02226528939682007
}