{
    "oski_mean_max_error": 0.5168534171151129, 
    "oski_mean_spmv_time": 0.0010826854944229144, 
    "oski_mean_time": 0.048016619252777094, 
    "phil_mean_max_error": 0.02458194789940147, 
    "phil_mean_spmv_time": 0.0010831093788146997, 
    "phil_mean_time": 0.03206088884994507
}