{
    "oski_mean_max_error": 0.49913635922056138, 
    "oski_mean_spmv_time": 0.0011535787820816049, 
    "oski_mean_time": 0.047760320622711176, 
    "phil_mean_max_error": 0.028137871520678349, 
    "phil_mean_spmv_time": 0.0011476588249206552, 
    "phil_mean_time": 0.022420439145507814
}