{
    "oski_mean_max_error": 0.52676698987541026, 
    "oski_mean_spmv_time": 0.001086677861213686, 
    "oski_mean_time": 0.04829150925598144, 
    "phil_mean_max_error": 0.026281539306539422, 
    "phil_mean_spmv_time": 0.0010831093788146997, 
    "phil_mean_time": 0.02232210074798584
}