{
    "oski_mean_max_error": 0.51494160273712819, 
    "oski_mean_spmv_time": 0.0010421632528305072, 
    "oski_mean_time": 0.04684821996429443, 
    "phil_mean_max_error": 0.027425673566137818, 
    "phil_mean_spmv_time": 0.0010673284530639668, 
    "phil_mean_time": 0.022575560598754884
}