{
    "oski_mean_max_error": 0.028221851587248232, 
    "oski_mean_spmv_time": 0.0027165736675262421, 
    "oski_mean_time": 0.2610845196131897, 
    "phil_mean_max_error": 0.032083913024234578, 
    "phil_mean_spmv_time": 0.0027155728578567469, 
    "phil_mean_time": 0.0216532206451416
}