{
    "oski_mean_max_error": 0.027581068356873635, 
    "oski_mean_spmv_time": 0.0027037607192993136, 
    "oski_mean_time": 0.3387725990832519, 
    "phil_mean_max_error": 0.037104113142398122, 
    "phil_mean_spmv_time": 0.0027135712385177573, 
    "phil_mean_time": 0.021413240330047607
}