{
    "oski_mean_max_error": 0.02759926659201509, 
    "oski_mean_spmv_time": 0.0027189704418182341, 
    "oski_mean_time": 0.25821859883407594, 
    "phil_mean_max_error": 0.032196231182572144, 
    "phil_mean_spmv_time": 0.0027035631418228113, 
    "phil_mean_time": 0.02147429911529541
}