{
    "oski_mean_max_error": 0.028872464405359611, 
    "oski_mean_spmv_time": 0.0026939408541999986, 
    "oski_mean_time": 0.2771745144, 
    "phil_mean_max_error": 0.027373354335427119, 
    "phil_mean_spmv_time": 0.0026921120499999985, 
    "phil_mean_time": 0.030248540000000004, 
    "pphil_mean_max_error": 0.0263752735380723, 
    "pphil_mean_spmv_time": 0.0026910164311999985, 
    "pphil_mean_time": 0.0041892417000000005
}