{
    "oski_mean_max_error": 0.027821778719382354, 
    "oski_mean_spmv_time": 0.0027537793664999988, 
    "oski_mean_time": 0.25601212928, 
    "phil_mean_max_error": 0.027054239194750428, 
    "phil_mean_spmv_time": 0.0027522079604999999, 
    "phil_mean_time": 0.03018104391, 
    "pphil_mean_max_error": 0.027146472010172253, 
    "pphil_mean_spmv_time": 0.0027520770099999999, 
    "pphil_mean_time": 0.00470804344
}