{
    "oski_mean_max_error": 0.032184256571172618, 
    "oski_mean_spmv_time": 0.0044608497619628837, 
    "oski_mean_time": 0.19502195114364626, 
    "phil_mean_max_error": 0.023910049730435094, 
    "phil_mean_spmv_time": 0.0044608497619628837, 
    "phil_mean_time": 0.01552141091720581
}