{
    "oski_mean_max_error": 0.03197980285119463, 
    "oski_mean_spmv_time": 0.0040910601615905704, 
    "oski_mean_time": 0.20105782957107543, 
    "phil_mean_max_error": 0.022927691973424369, 
    "phil_mean_spmv_time": 0.0040910601615905704, 
    "phil_mean_time": 0.019920940884857175
}