{
    "oski_mean_max_error": 0.0052750517240351923, 
    "oski_mean_spmv_time": 0.021428165169999968, 
    "oski_mean_time": 1.1726418235000002, 
    "phil_mean_max_error": 0.0095813645037597928, 
    "phil_mean_spmv_time": 0.021428165169999968, 
    "phil_mean_time": 0.024480421380000002, 
    "pphil_mean_max_error": 0.009230748469535097, 
    "pphil_mean_spmv_time": 0.021428165169999968, 
    "pphil_mean_time": 0.00368239537
}