{
    "oski_mean_max_error": 0.0052618161252672912, 
    "oski_mean_spmv_time": 0.01826207798000001, 
    "oski_mean_time": 1.1554622576400002, 
    "phil_mean_max_error": 0.0090210872085856111, 
    "phil_mean_spmv_time": 0.01826207798000001, 
    "phil_mean_time": 0.02554975606, 
    "pphil_mean_max_error": 0.010013116688125878, 
    "pphil_mean_spmv_time": 0.01826207798000001, 
    "pphil_mean_time": 0.00455184987
}