{
    "oski_mean_max_error": 0.0053723511838131045, 
    "oski_mean_spmv_time": 0.020806689262390151, 
    "oski_mean_time": 1.095937331188202, 
    "phil_mean_max_error": 0.01265331896844729, 
    "phil_mean_spmv_time": 0.020806689262390151, 
    "phil_mean_time": 0.01714482891479492
}