{
    "oski_mean_max_error": 0.0057193093294647416, 
    "oski_mean_spmv_time": 0.021428165169999968, 
    "oski_mean_time": 1.17495407232, 
    "phil_mean_max_error": 0.013053117968627513, 
    "phil_mean_spmv_time": 0.021428165169999968, 
    "phil_mean_time": 0.02272407323, 
    "pphil_mean_max_error": 0.012565219055211421, 
    "pphil_mean_spmv_time": 0.021428165169999968, 
    "pphil_mean_time": 0.0035124925100000004
}