{
    "oski_mean_max_error": 0.022649339931425642, 
    "oski_mean_spmv_time": 0.00058606162000000113, 
    "oski_mean_time": 0.042794255090000004, 
    "phil_mean_max_error": 0.0081155519209306862, 
    "phil_mean_spmv_time": 0.00058606162000000113, 
    "phil_mean_time": 0.023478382850000003, 
    "pphil_mean_max_error": 0.006196075649169114, 
    "pphil_mean_spmv_time": 0.00058606162000000113, 
    "pphil_mean_time": 0.003982669790000001
}