{
    "oski_mean_max_error": 0.015990233999451743, 
    "oski_mean_spmv_time": 0.00060139030999999956, 
    "oski_mean_time": 0.04571868222, 
    "phil_mean_max_error": 0.008021544351408668, 
    "phil_mean_spmv_time": 0.00060139030999999956, 
    "phil_mean_time": 0.023528138320000003, 
    "pphil_mean_max_error": 0.0082815838360472196, 
    "pphil_mean_spmv_time": 0.00060139030999999956, 
    "pphil_mean_time": 0.00348844671
}