{
    "oski_mean_max_error": 0.014454662747069462, 
    "oski_mean_spmv_time": 0.00089847087860107531, 
    "oski_mean_time": 0.040820320413055416, 
    "phil_mean_max_error": 0.0093963283935372382, 
    "phil_mean_spmv_time": 0.00089847087860107531, 
    "phil_mean_time": 0.016061329745025634
}