{
    "oski_mean_max_error": 0.014822129354726044, 
    "oski_mean_spmv_time": 0.00058606162000000113, 
    "oski_mean_time": 0.044059122560000004, 
    "phil_mean_max_error": 0.0079942510293441946, 
    "phil_mean_spmv_time": 0.00058606162000000113, 
    "phil_mean_time": 0.02369304376, 
    "pphil_mean_max_error": 0.0081081811091545976, 
    "pphil_mean_spmv_time": 0.00058606162000000113, 
    "pphil_mean_time": 0.00347451247
}