{
    "oski_mean_max_error": 0.015010512130591789, 
    "oski_mean_spmv_time": 0.00069816926999999947, 
    "oski_mean_time": 0.04289990733000001, 
    "phil_mean_max_error": 0.0081126374482021028, 
    "phil_mean_spmv_time": 0.00069816926999999947, 
    "phil_mean_time": 0.0235115218, 
    "pphil_mean_max_error": 0.0082216672477664603, 
    "pphil_mean_spmv_time": 0.00069816926999999947, 
    "pphil_mean_time": 0.003988624600000001
}