{
    "oski_mean_max_error": 0.015196128596694608, 
    "oski_mean_spmv_time": 0.00080754995346069144, 
    "oski_mean_time": 0.039091619929656984, 
    "phil_mean_max_error": 0.0092008247285364827, 
    "phil_mean_spmv_time": 0.00080754995346069144, 
    "phil_mean_time": 0.01620698952468872
}