{
    "oski_mean_max_error": 0.015058005411506941, 
    "oski_mean_spmv_time": 0.00080754995346069144, 
    "oski_mean_time": 0.03915452036087036, 
    "phil_mean_max_error": 0.010315672095395124, 
    "phil_mean_spmv_time": 0.00080754995346069144, 
    "phil_mean_time": 0.013023390204467775
}