{
    "oski_mean_max_error": 0.017327905843261365, 
    "oski_mean_spmv_time": 0.00058606162000000308, 
    "oski_mean_time": 0.041802214141, 
    "phil_mean_max_error": 0.0067812590172167111, 
    "phil_mean_spmv_time": 0.00058606162000000308, 
    "phil_mean_time": 0.023051114708, 
    "pphil_mean_max_error": 0.0052590382242492699, 
    "pphil_mean_spmv_time": 0.00058606162000000308, 
    "pphil_mean_time": 0.0025964843800000002
}