{
    "oski_mean_max_error": 0.014537715528411399, 
    "oski_mean_spmv_time": 0.0084569866100000172, 
    "oski_mean_time": 0.7692760763400002, 
    "phil_mean_max_error": 0.019449121478703812, 
    "phil_mean_spmv_time": 0.0084569866100000172, 
    "phil_mean_time": 0.03529485333, 
    "pphil_mean_max_error": 0.02078129415125498, 
    "pphil_mean_spmv_time": 0.0084569866100000172, 
    "pphil_mean_time": 0.00510166805
}