{
    "oski_mean_max_error": 0.014294523649777884, 
    "oski_mean_spmv_time": 0.0076743292808532848, 
    "oski_mean_time": 0.7661733008125305, 
    "phil_mean_max_error": 0.022232894803763604, 
    "phil_mean_spmv_time": 0.0076743292808532848, 
    "phil_mean_time": 0.024944808971862794
}