{
    "oski_mean_max_error": 0.014613882696007812, 
    "oski_mean_spmv_time": 0.0084434105199999981, 
    "oski_mean_time": 0.82764971191, 
    "phil_mean_max_error": 0.019310357596711073, 
    "phil_mean_spmv_time": 0.0084434105199999981, 
    "phil_mean_time": 0.03510201459, 
    "pphil_mean_max_error": 0.019387073128726187, 
    "pphil_mean_spmv_time": 0.0084434105199999981, 
    "pphil_mean_time": 0.00542194734
}