{
    "oski_mean_max_error": 0.015943271613810914, 
    "oski_mean_spmv_time": 0.0041938304901122971, 
    "oski_mean_time": 0.9652404507089233, 
    "phil_mean_max_error": 0.022995649904677378, 
    "phil_mean_spmv_time": 0.0041938304901122971, 
    "phil_mean_time": 0.029612128959350587
}