{
    "oski_mean_max_error": 0.0140912818309666, 
    "oski_mean_spmv_time": 0.0081100296974182251, 
    "oski_mean_time": 0.7667653994557191, 
    "phil_mean_max_error": 0.022723283232980007, 
    "phil_mean_spmv_time": 0.0081100296974182251, 
    "phil_mean_time": 0.024963178828124998
}