{
    "oski_mean_max_error": 0.006528421807483452, 
    "oski_mean_spmv_time": 0.00274043798446655, 
    "oski_mean_time": 0.2529740306463623, 
    "phil_mean_max_error": 0.041573308015173789, 
    "phil_mean_spmv_time": 0.00274043798446655, 
    "phil_mean_time": 0.018682419705963134
}