{
    "oski_mean_max_error": 0.0065596121706402513, 
    "oski_mean_spmv_time": 0.0031149697303771927, 
    "oski_mean_time": 0.25647338073516845, 
    "phil_mean_max_error": 0.041747189846084609, 
    "phil_mean_spmv_time": 0.0031149697303771927, 
    "phil_mean_time": 0.01888387907287598
}