{
    "oski_mean_max_error": 0.0049651848602448485, 
    "oski_mean_spmv_time": 0.0028539950100000392, 
    "oski_mean_time": 0.259979247272, 
    "phil_mean_max_error": 0.035332124868226546, 
    "phil_mean_spmv_time": 0.0028539950100000392, 
    "phil_mean_time": 0.025656676442000002, 
    "pphil_mean_max_error": 0.025512061534688293, 
    "pphil_mean_spmv_time": 0.0028539950100000392, 
    "pphil_mean_time": 0.0027256856000000005
}