{
    "oski_mean_max_error": 0.0049125434497265703, 
    "oski_mean_spmv_time": 0.0028539950099999993, 
    "oski_mean_time": 0.26049554922, 
    "phil_mean_max_error": 0.031009637100098377, 
    "phil_mean_spmv_time": 0.0028539950099999993, 
    "phil_mean_time": 0.025929484470000003, 
    "pphil_mean_max_error": 0.026668709584861037, 
    "pphil_mean_spmv_time": 0.0028539950099999993, 
    "pphil_mean_time": 0.004088033350000001
}