{
    "oski_mean_max_error": 0.014399446506165503, 
    "oski_mean_spmv_time": 0.0083657589900000204, 
    "oski_mean_time": 0.47794414638000005, 
    "phil_mean_max_error": 0.0090491210162527442, 
    "phil_mean_spmv_time": 0.0083657589900000204, 
    "phil_mean_time": 0.024630902450000002, 
    "pphil_mean_max_error": 0.0093282587918121721, 
    "pphil_mean_spmv_time": 0.0083657589900000204, 
    "pphil_mean_time": 0.003951226980000001
}