{
    "oski_mean_max_error": 0.013585805351787711, 
    "oski_mean_spmv_time": 0.0044367194175720139, 
    "oski_mean_time": 0.484226619220581, 
    "phil_mean_max_error": 0.012232726531678884, 
    "phil_mean_spmv_time": 0.0044367194175720139, 
    "phil_mean_time": 0.025183949893951417
}