{
    "oski_mean_max_error": 0.016970121492150589, 
    "oski_mean_spmv_time": 0.0082807528100001283, 
    "oski_mean_time": 0.48025321055500003, 
    "phil_mean_max_error": 0.004961796878073437, 
    "phil_mean_spmv_time": 0.0082807528100001283, 
    "phil_mean_time": 0.023636176231, 
    "pphil_mean_max_error": 0.012817877705393445, 
    "pphil_mean_spmv_time": 0.0082807528100001283, 
    "pphil_mean_time": 0.0026493817290000003
}