{
    "oski_mean_max_error": 0.01342543198120155, 
    "oski_mean_spmv_time": 0.0068590402603149296, 
    "oski_mean_time": 0.45464844977050783, 
    "phil_mean_max_error": 0.011485086442686374, 
    "phil_mean_spmv_time": 0.0068590402603149296, 
    "phil_mean_time": 0.017392269757232667
}