{
    "oski_mean_max_error": 0.014601755550758761, 
    "oski_mean_spmv_time": 0.0068590402603149296, 
    "oski_mean_time": 0.4566436210787964, 
    "phil_mean_max_error": 0.0085874382232434005, 
    "phil_mean_spmv_time": 0.0068590402603149296, 
    "phil_mean_time": 0.024636769463500977
}