{
    "oski_mean_max_error": 0.045985680148359354, 
    "oski_mean_spmv_time": 0.0060377693176269613, 
    "oski_mean_time": 0.2159288695777893, 
    "phil_mean_max_error": 0.0057091264887691199, 
    "phil_mean_spmv_time": 0.0060377693176269613, 
    "phil_mean_time": 0.0178513410395813
}