{
    "oski_mean_max_error": 0.045410873903129895, 
    "oski_mean_spmv_time": 0.0064447003499999997, 
    "oski_mean_time": 0.22466810080000002, 
    "phil_mean_max_error": 0.0045204762749357311, 
    "phil_mean_spmv_time": 0.0064447003499999997, 
    "phil_mean_time": 0.02540484352, 
    "pphil_mean_max_error": 0.0042441669599998007, 
    "pphil_mean_spmv_time": 0.0064447003499999997, 
    "pphil_mean_time": 0.00382787868
}