{
    "oski_mean_max_error": 0.04252553194316052, 
    "oski_mean_spmv_time": 0.0060377693176269613, 
    "oski_mean_time": 0.212213769561615, 
    "phil_mean_max_error": 0.0052194211963715251, 
    "phil_mean_spmv_time": 0.0060377693176269613, 
    "phil_mean_time": 0.0178516888079834
}