{
    "oski_mean_max_error": 0.047234712124828666, 
    "oski_mean_spmv_time": 0.0054022565499999989, 
    "oski_mean_time": 0.22455214805, 
    "phil_mean_max_error": 0.0045646125443583804, 
    "phil_mean_spmv_time": 0.0054022565499999989, 
    "phil_mean_time": 0.02561945032, 
    "pphil_mean_max_error": 0.004431023356842527, 
    "pphil_mean_spmv_time": 0.0054022565499999989, 
    "pphil_mean_time": 0.00371334051
}