{
    "oski_mean_max_error": 0.045976698821514131, 
    "oski_mean_spmv_time": 0.0060377693176269613, 
    "oski_mean_time": 0.21707630100128175, 
    "phil_mean_max_error": 0.0044900944451401279, 
    "phil_mean_spmv_time": 0.0060377693176269613, 
    "phil_mean_time": 0.025699590341796873
}