{
    "oski_mean_max_error": 0.051387948735604254, 
    "oski_mean_spmv_time": 0.0054022565500000353, 
    "oski_mean_time": 0.21102930754100002, 
    "phil_mean_max_error": 0.0036554796304622962, 
    "phil_mean_spmv_time": 0.0054022565500000353, 
    "phil_mean_time": 0.024547069099, 
    "pphil_mean_max_error": 0.0042998212084316865, 
    "pphil_mean_spmv_time": 0.0054022565500000353, 
    "pphil_mean_time": 0.002724524964
}