{
    "oski_mean_max_error": 0.042413788608081072, 
    "oski_mean_spmv_time": 0.0060377693176269613, 
    "oski_mean_time": 0.2178746496546936, 
    "phil_mean_max_error": 0.0059516639061973379, 
    "phil_mean_spmv_time": 0.0060377693176269613, 
    "phil_mean_time": 0.014606799075927735
}