{
    "oski_mean_max_error": 0.016397654099573247, 
    "oski_mean_spmv_time": 0.0015878701210021988, 
    "oski_mean_time": 0.1349084797201538, 
    "phil_mean_max_error": 0.032358402781926345, 
    "phil_mean_spmv_time": 0.0015878701210021988, 
    "phil_mean_time": 0.016976809485626222
}