{
    "oski_mean_max_error": 0.02165732833013732, 
    "oski_mean_spmv_time": 0.0015792643099999974, 
    "oski_mean_time": 0.14016757506000002, 
    "phil_mean_max_error": 0.021165804790841361, 
    "phil_mean_spmv_time": 0.0015792643099999974, 
    "phil_mean_time": 0.024356236280000002, 
    "pphil_mean_max_error": 0.031299212669320939, 
    "pphil_mean_spmv_time": 0.0015792643099999974, 
    "pphil_mean_time": 0.00373014312
}