{
    "oski_mean_max_error": 0.01584030953870642, 
    "oski_mean_spmv_time": 0.0016306400299072295, 
    "oski_mean_time": 0.13421189083862306, 
    "phil_mean_max_error": 0.030978496441675732, 
    "phil_mean_spmv_time": 0.0016306400299072295, 
    "phil_mean_time": 0.016977950277404785
}