{
    "oski_mean_max_error": 0.016151422753187528, 
    "oski_mean_spmv_time": 0.0015727496147155766, 
    "oski_mean_time": 0.1329758088128662, 
    "phil_mean_max_error": 0.031963136152900459, 
    "phil_mean_spmv_time": 0.0015727496147155766, 
    "phil_mean_time": 0.016792470951080322
}