{
    "oski_mean_max_error": 0.01627153364460272, 
    "oski_mean_spmv_time": 0.0015784915400000022, 
    "oski_mean_time": 0.13840868137, 
    "phil_mean_max_error": 0.025881467096136732, 
    "phil_mean_spmv_time": 0.0015784915400000022, 
    "phil_mean_time": 0.024405220340000002, 
    "pphil_mean_max_error": 0.025986022001740033, 
    "pphil_mean_spmv_time": 0.0015784915400000022, 
    "pphil_mean_time": 0.0037321897600000003
}