{
    "oski_mean_max_error": 0.015732705749626583, 
    "oski_mean_spmv_time": 0.0015878701210021988, 
    "oski_mean_time": 0.1342290091998291, 
    "phil_mean_max_error": 0.032322459449278522, 
    "phil_mean_spmv_time": 0.0015878701210021988, 
    "phil_mean_time": 0.016911030279541016
}