{
    "oski_mean_max_error": 0.0089326179444686946, 
    "oski_mean_spmv_time": 0.0091516050899998758, 
    "oski_mean_time": 0.999008446701, 
    "phil_mean_max_error": 0.025737438097745927, 
    "phil_mean_spmv_time": 0.0091516050899998758, 
    "phil_mean_time": 0.031223101796, 
    "pphil_mean_max_error": 0.02419521078166998, 
    "pphil_mean_spmv_time": 0.0091516050899998758, 
    "pphil_mean_time": 0.0033726070740000003
}