{
    "oski_mean_max_error": 0.011603252160040085, 
    "oski_mean_spmv_time": 0.0087911796569824022, 
    "oski_mean_time": 1.0213483602001954, 
    "phil_mean_max_error": 0.030552137144150438, 
    "phil_mean_spmv_time": 0.0087911796569824022, 
    "phil_mean_time": 0.022733291164093016
}