{
    "oski_mean_max_error": 0.012143512879267637, 
    "oski_mean_spmv_time": 0.0089052796363830716, 
    "oski_mean_time": 0.9838553691714478, 
    "phil_mean_max_error": 0.027898094079763541, 
    "phil_mean_spmv_time": 0.0089052796363830716, 
    "phil_mean_time": 0.022314210982055663
}