{
    "oski_mean_max_error": 0.012986003298602842, 
    "oski_mean_spmv_time": 0.0088668394088745293, 
    "oski_mean_time": 0.9787988707118225, 
    "phil_mean_max_error": 0.028508829763157079, 
    "phil_mean_spmv_time": 0.0088668394088745293, 
    "phil_mean_time": 0.02237261940536499
}