{
    "oski_mean_max_error": 0.013252316338335166, 
    "oski_mean_spmv_time": 0.0056659913063049263, 
    "oski_mean_time": 1.1489583907862855, 
    "phil_mean_max_error": 0.02967842466266752, 
    "phil_mean_spmv_time": 0.0056659913063049263, 
    "phil_mean_time": 0.02926892012298584
}