{
    "oski_mean_max_error": 0.015436823158595944, 
    "oski_mean_spmv_time": 0.0091516050900000128, 
    "oski_mean_time": 0.9967843589500001, 
    "phil_mean_max_error": 0.021266486693198902, 
    "phil_mean_spmv_time": 0.0091516050900000128, 
    "phil_mean_time": 0.031050698440000003, 
    "pphil_mean_max_error": 0.019532436909644204, 
    "pphil_mean_spmv_time": 0.0091516050900000128, 
    "pphil_mean_time": 0.00465660743
}