{
    "oski_mean_max_error": 0.037989941835351426, 
    "oski_mean_spmv_time": 0.0016152632499999988, 
    "oski_mean_time": 0.20997307456000003, 
    "phil_mean_max_error": 0.020321256173168697, 
    "phil_mean_spmv_time": 0.0016152632499999988, 
    "phil_mean_time": 0.03201215668, 
    "pphil_mean_max_error": 0.019632273798003495, 
    "pphil_mean_spmv_time": 0.0016152632499999988, 
    "pphil_mean_time": 0.00404506357
}