{
    "oski_mean_max_error": 0.037509290655583921, 
    "oski_mean_spmv_time": 0.0016800165699999987, 
    "oski_mean_time": 0.2135794422, 
    "phil_mean_max_error": 0.019838291681862325, 
    "phil_mean_spmv_time": 0.0016800165699999987, 
    "phil_mean_time": 0.031408285140000006, 
    "pphil_mean_max_error": 0.020939814498942139, 
    "pphil_mean_spmv_time": 0.0016800165699999987, 
    "pphil_mean_time": 0.0044625416400000005
}