{
    "oski_mean_max_error": 0.037863064391695615, 
    "oski_mean_spmv_time": 0.0016583085060119615, 
    "oski_mean_time": 0.24996769038726807, 
    "phil_mean_max_error": 0.024180193139052383, 
    "phil_mean_spmv_time": 0.0016583085060119615, 
    "phil_mean_time": 0.030819519889068604
}