{
    "oski_mean_max_error": 0.036593337594615354, 
    "oski_mean_spmv_time": 0.0016583085060119615, 
    "oski_mean_time": 0.19533180093795777, 
    "phil_mean_max_error": 0.024092914879394994, 
    "phil_mean_spmv_time": 0.0016583085060119615, 
    "phil_mean_time": 0.022456471013183595
}