{
    "oski_mean_max_error": 0.059091639207458489, 
    "oski_mean_spmv_time": 0.0016800165699999922, 
    "oski_mean_time": 0.19279591681900002, 
    "phil_mean_max_error": 0.025362147583493377, 
    "phil_mean_spmv_time": 0.0016800165699999922, 
    "phil_mean_time": 0.031181122162000002, 
    "pphil_mean_max_error": 0.017323183700029079, 
    "pphil_mean_spmv_time": 0.0016800165699999922, 
    "pphil_mean_time": 0.003390845483
}