{
    "oski_mean_max_error": 0.039460622337483958, 
    "oski_mean_spmv_time": 0.0016583085060119615, 
    "oski_mean_time": 0.20281024963516234, 
    "phil_mean_max_error": 0.020551968332492846, 
    "phil_mean_spmv_time": 0.0016583085060119615, 
    "phil_mean_time": 0.03192409108596802
}