{
    "oski_mean_max_error": 0.037071452444077176, 
    "oski_mean_spmv_time": 0.0016583085060119615, 
    "oski_mean_time": 0.1949281200453186, 
    "phil_mean_max_error": 0.028373609176797928, 
    "phil_mean_spmv_time": 0.0016583085060119615, 
    "phil_mean_time": 0.018242779301147462
}