{
    "oski_mean_max_error": 0.43937283554469952, 
    "oski_mean_spmv_time": 0.0028949907032000009, 
    "oski_mean_time": 0.21916712536000002, 
    "phil_mean_max_error": 0.033669073545227371, 
    "phil_mean_spmv_time": 0.0027268811400000008, 
    "phil_mean_time": 0.03544754079, 
    "pphil_mean_max_error": 0.033986349109371393, 
    "pphil_mean_spmv_time": 0.0027268811400000008, 
    "pphil_mean_time": 0.0051171787
}