{
    "oski_mean_max_error": 0.30381607759283058, 
    "oski_mean_spmv_time": 0.0031468134880065935, 
    "oski_mean_time": 0.20323426941223144, 
    "phil_mean_max_error": 0.044283315200723539, 
    "phil_mean_spmv_time": 0.0033916906833648709, 
    "phil_mean_time": 0.02118727992340088
}