{
    "oski_mean_max_error": 0.3212519850457794, 
    "oski_mean_spmv_time": 0.0031535905361175552, 
    "oski_mean_time": 0.20301777059555054, 
    "phil_mean_max_error": 0.039837611175230374, 
    "phil_mean_spmv_time": 0.0033951400756835953, 
    "phil_mean_time": 0.025614290244293212
}