{
    "oski_mean_max_error": 0.3693711000488335, 
    "oski_mean_spmv_time": 0.002726881140000048, 
    "oski_mean_time": 0.213391829338, 
    "phil_mean_max_error": 0.032038705496269242, 
    "phil_mean_spmv_time": 0.002726881140000048, 
    "phil_mean_time": 0.035287649340000005, 
    "pphil_mean_max_error": 0.025420369283462686, 
    "pphil_mean_spmv_time": 0.002726881140000048, 
    "pphil_mean_time": 0.003771741731
}