{
    "oski_mean_max_error": 0.34635348555136114, 
    "oski_mean_spmv_time": 0.0031555880069732687, 
    "oski_mean_time": 0.20278726907302858, 
    "phil_mean_max_error": 0.033954718468012762, 
    "phil_mean_spmv_time": 0.0033938147068023699, 
    "phil_mean_time": 0.03644964070007324
}