{
    "oski_mean_max_error": 0.34138211364339904, 
    "oski_mean_spmv_time": 0.0031934451103210471, 
    "oski_mean_time": 0.20608948085235596, 
    "phil_mean_max_error": 0.039713098765736657, 
    "phil_mean_spmv_time": 0.0033942989587783818, 
    "phil_mean_time": 0.025536109863586426
}