{
    "oski_mean_max_error": 0.044390859867099453, 
    "oski_mean_spmv_time": 0.00038161230087280283, 
    "oski_mean_time": 0.05519474079940796, 
    "phil_mean_max_error": 0.02434752328231821, 
    "phil_mean_spmv_time": 0.00038099050521850592, 
    "phil_mean_time": 0.020558339716186525
}