{
    "oski_mean_max_error": 0.043997890619467475, 
    "oski_mean_spmv_time": 0.00039082514520000043, 
    "oski_mean_time": 0.05939035428, 
    "phil_mean_max_error": 0.019563567314210925, 
    "phil_mean_spmv_time": 0.00039034115000000037, 
    "phil_mean_time": 0.02871277783, 
    "pphil_mean_max_error": 0.019330815483385305, 
    "pphil_mean_spmv_time": 0.00039034115000000037, 
    "pphil_mean_time": 0.0044226969
}