{
    "oski_mean_max_error": 0.019336188065019754, 
    "oski_mean_spmv_time": 0.0049363472300000127, 
    "oski_mean_time": 0.56284345133, 
    "phil_mean_max_error": 0.035475698337479419, 
    "phil_mean_spmv_time": 0.0049363472300000127, 
    "phil_mean_time": 0.050203462920000004, 
    "pphil_mean_max_error": 0.02347586693721436, 
    "pphil_mean_spmv_time": 0.0049363472300000127, 
    "pphil_mean_time": 0.00600188395
}