{
    "oski_mean_max_error": 0.015686449542661043, 
    "oski_mean_spmv_time": 0.0049363472300000683, 
    "oski_mean_time": 0.5756922055, 
    "phil_mean_max_error": 0.030681415272813158, 
    "phil_mean_spmv_time": 0.0049363472300000683, 
    "phil_mean_time": 0.050331931813000004, 
    "pphil_mean_max_error": 0.028057054032434314, 
    "pphil_mean_spmv_time": 0.0049363472300000683, 
    "pphil_mean_time": 0.00520015883
}