{
    "oski_mean_max_error": 0.015733283058711755, 
    "oski_mean_spmv_time": 0.0049930865100000091, 
    "oski_mean_time": 0.61520940303, 
    "phil_mean_max_error": 0.030419008772158619, 
    "phil_mean_spmv_time": 0.0049958463997000092, 
    "phil_mean_time": 0.05070076471, 
    "pphil_mean_max_error": 0.031851529568951979, 
    "pphil_mean_spmv_time": 0.0050013661791000084, 
    "pphil_mean_time": 0.00659297545
}