{
    "oski_mean_max_error": 0.016369302437963255, 
    "oski_mean_spmv_time": 0.0052232031700000115, 
    "oski_mean_time": 0.5754139924, 
    "phil_mean_max_error": 0.031332715098109157, 
    "phil_mean_spmv_time": 0.0052232031700000115, 
    "phil_mean_time": 0.050956561920000004, 
    "pphil_mean_max_error": 0.031077038674678481, 
    "pphil_mean_spmv_time": 0.0052232031700000115, 
    "pphil_mean_time": 0.00674260618
}