{
    "oski_mean_max_error": 0.015914924621359926, 
    "oski_mean_spmv_time": 0.0049363472300000127, 
    "oski_mean_time": 0.6147212789300001, 
    "phil_mean_max_error": 0.032526029943011674, 
    "phil_mean_spmv_time": 0.0049363472300000127, 
    "phil_mean_time": 0.0506857982, 
    "pphil_mean_max_error": 0.032191430144644234, 
    "pphil_mean_spmv_time": 0.0049363472300000127, 
    "pphil_mean_time": 0.006392489880000001
}