{
    "oski_mean_max_error": 0.039917827209703091, 
    "oski_mean_spmv_time": 0.00049170501999999889, 
    "oski_mean_time": 0.06991180857000001, 
    "phil_mean_max_error": 0.02996403917614621, 
    "phil_mean_spmv_time": 0.00049170501999999889, 
    "phil_mean_time": 0.03752017944, 
    "pphil_mean_max_error": 0.030026594812090149, 
    "pphil_mean_spmv_time": 0.00049170501999999889, 
    "pphil_mean_time": 0.00509307131
}