{
    "oski_mean_max_error": 0.03958918320287115, 
    "oski_mean_spmv_time": 0.00049170502000000723, 
    "oski_mean_time": 0.063697373237, 
    "phil_mean_max_error": 0.041372169160058446, 
    "phil_mean_spmv_time": 0.00049170502000000723, 
    "phil_mean_time": 0.037473877075, 
    "pphil_mean_max_error": 0.022090770967949164, 
    "pphil_mean_spmv_time": 0.00049170502000000723, 
    "pphil_mean_time": 0.004054309996
}