{
    "oski_mean_max_error": 0.038328533777966946, 
    "oski_mean_spmv_time": 0.00046989256999999986, 
    "oski_mean_time": 0.06552614349000001, 
    "phil_mean_max_error": 0.031640462769886961, 
    "phil_mean_spmv_time": 0.00046989256999999986, 
    "phil_mean_time": 0.03764350039, 
    "pphil_mean_max_error": 0.030594366196615593, 
    "pphil_mean_spmv_time": 0.00046989256999999986, 
    "pphil_mean_time": 0.005158885290000001
}