{
    "oski_mean_max_error": 0.038124890809702661, 
    "oski_mean_spmv_time": 0.00056014060974120998, 
    "oski_mean_time": 0.06607548032943726, 
    "phil_mean_max_error": 0.030519817494200442, 
    "phil_mean_spmv_time": 0.00056014060974120998, 
    "phil_mean_time": 0.037184949992370604
}