{
    "oski_mean_max_error": 0.028759705111378885, 
    "oski_mean_spmv_time": 0.0013595854699999979, 
    "oski_mean_time": 0.13756607611000002, 
    "phil_mean_max_error": 0.030644952752144284, 
    "phil_mean_spmv_time": 0.0013595854699999979, 
    "phil_mean_time": 0.038173115, 
    "pphil_mean_max_error": 0.030641304053641644, 
    "pphil_mean_spmv_time": 0.0013595854699999979, 
    "pphil_mean_time": 0.00573058905
}