{
    "oski_mean_max_error": 0.0287007917020447, 
    "oski_mean_spmv_time": 0.0012816741899999986, 
    "oski_mean_time": 0.14773676396000002, 
    "phil_mean_max_error": 0.031033845779030983, 
    "phil_mean_spmv_time": 0.0012858288963999986, 
    "phil_mean_time": 0.03789794711, 
    "pphil_mean_max_error": 0.030456637438914646, 
    "pphil_mean_spmv_time": 0.0012837515431999987, 
    "pphil_mean_time": 0.00480241888
}