{
    "oski_mean_max_error": 0.028330989500492221, 
    "oski_mean_spmv_time": 0.0012473702430725075, 
    "oski_mean_time": 0.13723980016021728, 
    "phil_mean_max_error": 0.03655049146717422, 
    "phil_mean_spmv_time": 0.0012473702430725075, 
    "phil_mean_time": 0.026845649936828614
}