{
    "oski_mean_max_error": 0.028381574250591065, 
    "oski_mean_spmv_time": 0.0012473702430725075, 
    "oski_mean_time": 0.1389351700506592, 
    "phil_mean_max_error": 0.037765397039786583, 
    "phil_mean_spmv_time": 0.0012473702430725075, 
    "phil_mean_time": 0.02680227925018311
}