{
    "oski_mean_max_error": 0.012505725164747739, 
    "oski_mean_spmv_time": 0.00060768127441406135, 
    "oski_mean_time": 0.038162320755004885, 
    "phil_mean_max_error": 0.007933273265677953, 
    "phil_mean_spmv_time": 0.00060768127441406135, 
    "phil_mean_time": 0.016045730149383545
}