{
    "oski_mean_max_error": 0.011892351885808007, 
    "oski_mean_spmv_time": 0.000607537050000001, 
    "oski_mean_time": 0.04356718543, 
    "phil_mean_max_error": 0.0068550513977254021, 
    "phil_mean_spmv_time": 0.000607537050000001, 
    "phil_mean_time": 0.02466593903, 
    "pphil_mean_max_error": 0.00681517439426389, 
    "pphil_mean_spmv_time": 0.000607537050000001, 
    "pphil_mean_time": 0.0036838505000000004
}