{
    "oski_mean_max_error": 0.012247880082374403, 
    "oski_mean_spmv_time": 0.00091397629000000225, 
    "oski_mean_time": 0.04061365343, 
    "phil_mean_max_error": 0.0072825222789049873, 
    "phil_mean_spmv_time": 0.00091397629000000225, 
    "phil_mean_time": 0.0234229236, 
    "pphil_mean_max_error": 0.0068349958400545259, 
    "pphil_mean_spmv_time": 0.00091397629000000225, 
    "pphil_mean_time": 0.0038911838400000004
}