{
    "oski_mean_max_error": 0.012590523045382176, 
    "oski_mean_spmv_time": 0.00077101973000000127, 
    "oski_mean_time": 0.04272392123, 
    "phil_mean_max_error": 0.0067995427092452775, 
    "phil_mean_spmv_time": 0.00077101973000000127, 
    "phil_mean_time": 0.02348742166, 
    "pphil_mean_max_error": 0.0070246368426538953, 
    "pphil_mean_spmv_time": 0.00077101973000000127, 
    "pphil_mean_time": 0.0035331995800000006
}