{
    "oski_mean_max_error": 0.0078730867555281102, 
    "oski_mean_spmv_time": 0.00060753705000000588, 
    "oski_mean_time": 0.040957207592, 
    "phil_mean_max_error": 0.0059230450716591335, 
    "phil_mean_spmv_time": 0.00060753705000000588, 
    "phil_mean_time": 0.02299237275, 
    "pphil_mean_max_error": 0.0047655344109305883, 
    "pphil_mean_spmv_time": 0.00060753705000000588, 
    "pphil_mean_time": 0.0026133816050000003
}