{
    "oski_mean_max_error": 0.012215329075927379, 
    "oski_mean_spmv_time": 0.00083312988281250067, 
    "oski_mean_time": 0.03809073048873902, 
    "phil_mean_max_error": 0.0084978664279346059, 
    "phil_mean_spmv_time": 0.00083312988281250067, 
    "phil_mean_time": 0.015971310500793458
}