{
    "oski_mean_max_error": 0.020644039032717956, 
    "oski_mean_spmv_time": 0.0013843607902526856, 
    "oski_mean_time": 0.1062324594467163, 
    "phil_mean_max_error": 0.020770208358243534, 
    "phil_mean_spmv_time": 0.0013843607902526856, 
    "phil_mean_time": 0.01536901939819336
}