{
    "oski_mean_max_error": 0.021134747625964859, 
    "oski_mean_spmv_time": 0.0012759900093078638, 
    "oski_mean_time": 0.11172626114456177, 
    "phil_mean_max_error": 0.022483510769492683, 
    "phil_mean_spmv_time": 0.0012759900093078638, 
    "phil_mean_time": 0.015354159049377442
}