{
    "oski_mean_max_error": 0.026752015570935078, 
    "oski_mean_spmv_time": 0.000913901329040526, 
    "oski_mean_time": 0.12970929065734862, 
    "phil_mean_max_error": 0.021245687049217379, 
    "phil_mean_spmv_time": 0.000913901329040526, 
    "phil_mean_time": 0.021041248826904297
}