{
    "oski_mean_max_error": 0.07176163027134122, 
    "oski_mean_spmv_time": 0.00041172027587890687, 
    "oski_mean_time": 0.03350217995498657, 
    "phil_mean_max_error": 0.054806916244373644, 
    "phil_mean_spmv_time": 0.00041172027587890687, 
    "phil_mean_time": 0.017999420641937255
}