{
    "oski_mean_max_error": 0.37237063753528277, 
    "oski_mean_spmv_time": 5.292932999999997e-05, 
    "oski_mean_time": 0.00277549027, 
    "phil_mean_max_error": 0.025679905008584171, 
    "phil_mean_spmv_time": 5.292932999999997e-05, 
    "phil_mean_time": 0.026050482760000004, 
    "pphil_mean_max_error": 0.015795749980711125, 
    "pphil_mean_spmv_time": 5.292932999999997e-05, 
    "pphil_mean_time": 0.00327458365
}