{
    "oski_mean_max_error": 3.6668889185224725, 
    "oski_mean_spmv_time": 0.00010629592999999994, 
    "oski_mean_time": 0.0010943699400000001, 
    "phil_mean_max_error": 0.0045860288648447121, 
    "phil_mean_spmv_time": 9.3613160000000241e-05, 
    "phil_mean_time": 0.02683838599, 
    "pphil_mean_max_error": 0.013849696701193914, 
    "pphil_mean_spmv_time": 9.3613160000000241e-05, 
    "pphil_mean_time": 0.004239719110000001
}