{
    "oski_mean_max_error": 3.6666888891851941, 
    "oski_mean_spmv_time": 0.00073085322380066057, 
    "oski_mean_time": 0.017193399857940675, 
    "phil_mean_max_error": 0.013660497349475297, 
    "phil_mean_spmv_time": 0.0007305097579956058, 
    "phil_mean_time": 0.026460530938720705
}