{
    "oski_mean_max_error": 3.66688891852252, 
    "oski_mean_spmv_time": 0.00010629592999999994, 
    "oski_mean_time": 0.000842880705, 
    "phil_mean_max_error": 0.017106404547222669, 
    "phil_mean_spmv_time": 9.3613160000001271e-05, 
    "phil_mean_time": 0.024838071599000002, 
    "pphil_mean_max_error": 0.022904085328837077, 
    "pphil_mean_spmv_time": 9.3613160000001271e-05, 
    "pphil_mean_time": 0.002849270957
}