{
    "oski_mean_max_error": 3.6666888891851941, 
    "oski_mean_spmv_time": 0.00073084270954132196, 
    "oski_mean_time": 0.01934011095199585, 
    "phil_mean_max_error": 0.015162605579396922, 
    "phil_mean_spmv_time": 0.0007305097579956058, 
    "phil_mean_time": 0.019289419011688232
}