{
    "oski_mean_max_error": 3.6668826960039143, 
    "oski_mean_spmv_time": 0.00012013196945190445, 
    "oski_mean_time": 0.0019566909916687012, 
    "phil_mean_max_error": 0.014954933311979614, 
    "phil_mean_spmv_time": 0.00011924982070922823, 
    "phil_mean_time": 0.01907495027496338
}