{
    "oski_mean_max_error": 0.40701839744470325, 
    "oski_mean_spmv_time": 5.1596355438232333e-05, 
    "oski_mean_time": 0.002641649283447266, 
    "phil_mean_max_error": 0.054401293852568262, 
    "phil_mean_spmv_time": 5.1629543304443267e-05, 
    "phil_mean_time": 0.01873684946411133
}