{
    "oski_mean_max_error": 0.36542005426755542, 
    "oski_mean_spmv_time": 5.4096237699999981e-05, 
    "oski_mean_time": 0.0029534444500000003, 
    "phil_mean_max_error": 0.042921360012273271, 
    "phil_mean_spmv_time": 5.292932999999997e-05, 
    "phil_mean_time": 0.02452667613, 
    "pphil_mean_max_error": 0.040674396478468509, 
    "pphil_mean_spmv_time": 5.292932999999997e-05, 
    "pphil_mean_time": 0.00377379833
}