{
    "oski_mean_max_error": 3.6668764734853569, 
    "oski_mean_spmv_time": 0.00098639011383056408, 
    "oski_mean_time": 0.0026022705357360842, 
    "phil_mean_max_error": 0.016231258766801249, 
    "phil_mean_spmv_time": 8.0809593200683485e-05, 
    "phil_mean_time": 0.019146070294647217
}