{
    "oski_mean_max_error": 0.039801891829224577, 
    "oski_mean_spmv_time": 0.0027132605488999987, 
    "oski_mean_time": 0.30660281567000003, 
    "phil_mean_max_error": 0.050324026480762639, 
    "phil_mean_spmv_time": 0.0026989462273999979, 
    "phil_mean_time": 0.03248134689, 
    "pphil_mean_max_error": 0.047464828082813243, 
    "pphil_mean_spmv_time": 0.0026959230417999973, 
    "pphil_mean_time": 0.00465174251
}