{
    "oski_mean_max_error": 0.39592843910231834, 
    "oski_mean_spmv_time": 4.5472693443298322e-05, 
    "oski_mean_time": 0.0025509903022766112, 
    "phil_mean_max_error": 0.052053070553643874, 
    "phil_mean_spmv_time": 4.5039653778076144e-05, 
    "phil_mean_time": 0.018807579952545166
}