{
    "oski_mean_max_error": 3.6668889185224725, 
    "oski_mean_spmv_time": 0.00013157567977905305, 
    "oski_mean_time": 0.003014629351959229, 
    "phil_mean_max_error": 0.01551461994608839, 
    "phil_mean_spmv_time": 0.00012351036071777362, 
    "phil_mean_time": 0.019085001002502443
}