{
    "oski_mean_max_error": 3.6666888891851941, 
    "oski_mean_spmv_time": 0.0007308567285537733, 
    "oski_mean_time": 0.01719869950668335, 
    "phil_mean_max_error": 0.016891185869723654, 
    "phil_mean_spmv_time": 0.0007305097579956058, 
    "phil_mean_time": 0.01627736938461304
}