{
    "oski_mean_max_error": 0.075252087603377107, 
    "oski_mean_spmv_time": 0.00041172027587890687, 
    "oski_mean_time": 0.03348381034622192, 
    "phil_mean_max_error": 0.065345339677849001, 
    "phil_mean_spmv_time": 0.00041172027587890687, 
    "phil_mean_time": 0.014542890566558837
}