{
    "oski_mean_max_error": 3.6668889185224725, 
    "oski_mean_spmv_time": 0.00010711233469999995, 
    "oski_mean_time": 0.00277256597, 
    "phil_mean_max_error": 0.013850340078412293, 
    "phil_mean_spmv_time": 9.3613160000000241e-05, 
    "phil_mean_time": 0.026407638480000002, 
    "pphil_mean_max_error": 0.012915187379458315, 
    "pphil_mean_spmv_time": 9.3613160000000241e-05, 
    "pphil_mean_time": 0.00330596661
}