{
    "oski_mean_max_error": 0.97084158988922542, 
    "oski_mean_spmv_time": 5.3954840000000471e-05, 
    "oski_mean_time": 0.0019276495830000003, 
    "phil_mean_max_error": 0.05311559680887927, 
    "phil_mean_spmv_time": 5.2929329999999746e-05, 
    "phil_mean_time": 0.024309471393000003, 
    "pphil_mean_max_error": 0.017406824055629003, 
    "pphil_mean_spmv_time": 5.2929329999999746e-05, 
    "pphil_mean_time": 0.0026888222120000005
}