{
    "oski_mean_max_error": 3.6668826960039151, 
    "oski_mean_spmv_time": 0.0001216666698455809, 
    "oski_mean_time": 0.002372429467926026, 
    "phil_mean_max_error": 0.017891020838058099, 
    "phil_mean_spmv_time": 0.00011029958724975572, 
    "phil_mean_time": 0.019329018867492675
}