{
    "oski_mean_max_error": 0.036206101371400713, 
    "oski_mean_spmv_time": 0.00059290583000000114, 
    "oski_mean_time": 0.08820154053500001, 
    "phil_mean_max_error": 0.020084858461318061, 
    "phil_mean_spmv_time": 0.00059290583000000114, 
    "phil_mean_time": 0.033601324216000004, 
    "pphil_mean_max_error": 0.019126317370495999, 
    "pphil_mean_spmv_time": 0.00059290583000000114, 
    "pphil_mean_time": 0.003692103187
}