{
    "oski_mean_max_error": 0.03841922510374849, 
    "oski_mean_spmv_time": 0.00059273958206176836, 
    "oski_mean_time": 0.0866863201109314, 
    "phil_mean_max_error": 0.028570242389334623, 
    "phil_mean_spmv_time": 0.00059273958206176836, 
    "phil_mean_time": 0.023605268871612548
}