{
    "oski_mean_max_error": 0.039249053167163421, 
    "oski_mean_spmv_time": 0.00059273958206176836, 
    "oski_mean_time": 0.0928514097819519, 
    "phil_mean_max_error": 0.033367074268795219, 
    "phil_mean_spmv_time": 0.00059273958206176836, 
    "phil_mean_time": 0.019026361036376952
}