{
    "oski_mean_max_error": 0.038373627118137757, 
    "oski_mean_spmv_time": 0.00059273958206176836, 
    "oski_mean_time": 0.08636076942443849, 
    "phil_mean_max_error": 0.028481172468065596, 
    "phil_mean_spmv_time": 0.00059273958206176836, 
    "phil_mean_time": 0.023549539631652832
}