{
    "oski_mean_max_error": 0.040244731742070411, 
    "oski_mean_spmv_time": 0.00059273958206176836, 
    "oski_mean_time": 0.08692754013626099, 
    "phil_mean_max_error": 0.024312284115891248, 
    "phil_mean_spmv_time": 0.00059273958206176836, 
    "phil_mean_time": 0.033455180671844484
}