{
    "oski_mean_max_error": 0.035520679453893138, 
    "oski_mean_spmv_time": 0.00059290582999999887, 
    "oski_mean_time": 0.08697062275, 
    "phil_mean_max_error": 0.012339147058189195, 
    "phil_mean_spmv_time": 0.00059290582999999887, 
    "phil_mean_time": 0.033412138130000005, 
    "pphil_mean_max_error": 0.017175699079196905, 
    "pphil_mean_spmv_time": 0.00059290582999999887, 
    "pphil_mean_time": 0.00474601413
}