{
    "oski_mean_max_error": 0.026714131539258362, 
    "oski_mean_spmv_time": 0.00070160282999999989, 
    "oski_mean_time": 0.03116729659, 
    "phil_mean_max_error": 0.0040893641011243882, 
    "phil_mean_spmv_time": 0.00070160282999999989, 
    "phil_mean_time": 0.02324060599, 
    "pphil_mean_max_error": 0.0040105588457711007, 
    "pphil_mean_spmv_time": 0.00070160282999999989, 
    "pphil_mean_time": 0.0035497335200000003
}