{
    "oski_mean_max_error": 0.028315659619605048, 
    "oski_mean_spmv_time": 0.00061650991439819204, 
    "oski_mean_time": 0.062420079567413335, 
    "phil_mean_max_error": 0.0051404862502649248, 
    "phil_mean_spmv_time": 0.00061650991439819204, 
    "phil_mean_time": 0.022064850229797362
}