{
    "oski_mean_max_error": 0.028297895992317131, 
    "oski_mean_spmv_time": 0.0005598414800000016, 
    "oski_mean_time": 0.033118211050000006, 
    "phil_mean_max_error": 0.0039866907747890638, 
    "phil_mean_spmv_time": 0.0005598414800000016, 
    "phil_mean_time": 0.02306576036, 
    "pphil_mean_max_error": 0.0041322811385877496, 
    "pphil_mean_spmv_time": 0.0005598414800000016, 
    "pphil_mean_time": 0.0033159250400000002
}