{
    "oski_mean_max_error": 0.028926643603497393, 
    "oski_mean_spmv_time": 0.00056370973587036065, 
    "oski_mean_time": 0.03067618009170532, 
    "phil_mean_max_error": 0.0047707660252846616, 
    "phil_mean_spmv_time": 0.00056370973587036065, 
    "phil_mean_time": 0.01579187987792969
}