{
    "oski_mean_max_error": 0.028574623372645977, 
    "oski_mean_spmv_time": 0.00044303301999999939, 
    "oski_mean_time": 0.03311654892, 
    "phil_mean_max_error": 0.0043091115278495809, 
    "phil_mean_spmv_time": 0.00044303301999999939, 
    "phil_mean_time": 0.02319731447, 
    "pphil_mean_max_error": 0.0038648485481961648, 
    "pphil_mean_spmv_time": 0.00044303301999999939, 
    "pphil_mean_time": 0.0033243559100000005
}