{
    "oski_mean_max_error": 0.028524002663283202, 
    "oski_mean_spmv_time": 0.00040459871292114263, 
    "oski_mean_time": 0.03052025106277466, 
    "phil_mean_max_error": 0.0048979855529219501, 
    "phil_mean_spmv_time": 0.00040459871292114263, 
    "phil_mean_time": 0.01534495970932007
}