{
    "oski_mean_max_error": 0.027858609282571379, 
    "oski_mean_spmv_time": 0.00044303301999999939, 
    "oski_mean_time": 0.032084365690000005, 
    "phil_mean_max_error": 0.0058909500207588554, 
    "phil_mean_spmv_time": 0.00044303301999999939, 
    "phil_mean_time": 0.0223467737, 
    "pphil_mean_max_error": 0.0049952058122801225, 
    "pphil_mean_spmv_time": 0.00044303301999999939, 
    "pphil_mean_time": 0.0030349736
}