{
    "oski_mean_max_error": 0.017620639944341477, 
    "oski_mean_spmv_time": 0.0024135088920593244, 
    "oski_mean_time": 0.23862002938217164, 
    "phil_mean_max_error": 0.044257327425345501, 
    "phil_mean_spmv_time": 0.0024135088920593244, 
    "phil_mean_time": 0.02134980994430542
}