{
    "oski_mean_max_error": 0.01317926558896463, 
    "oski_mean_spmv_time": 0.0024647677000000038, 
    "oski_mean_time": 0.23888246555000003, 
    "phil_mean_max_error": 0.042638403878088475, 
    "phil_mean_spmv_time": 0.0024647677000000038, 
    "phil_mean_time": 0.029551611380000002, 
    "pphil_mean_max_error": 0.033640289773816959, 
    "pphil_mean_spmv_time": 0.0024647677000000038, 
    "pphil_mean_time": 0.00424425749
}