{
    "oski_mean_max_error": 0.018507675951478907, 
    "oski_mean_spmv_time": 0.0024932789802551217, 
    "oski_mean_time": 0.23852635973220823, 
    "phil_mean_max_error": 0.039737212508899458, 
    "phil_mean_spmv_time": 0.0024932789802551217, 
    "phil_mean_time": 0.021381780480957034
}