{
    "oski_mean_max_error": 0.018542758985292056, 
    "oski_mean_spmv_time": 0.0024932789802551217, 
    "oski_mean_time": 0.24435180965560913, 
    "phil_mean_max_error": 0.035931893814677054, 
    "phil_mean_spmv_time": 0.0024932789802551217, 
    "phil_mean_time": 0.030312209656829837
}