{
    "oski_mean_max_error": 0.017826781283016048, 
    "oski_mean_spmv_time": 0.0024649657487869291, 
    "oski_mean_time": 0.23743607117752075, 
    "phil_mean_max_error": 0.041393727331182892, 
    "phil_mean_spmv_time": 0.0024648139476776149, 
    "phil_mean_time": 0.021350340800933836
}