{
    "oski_mean_max_error": 0.017850704116245147, 
    "oski_mean_spmv_time": 0.0027030992507934581, 
    "oski_mean_time": 0.2414283690574646, 
    "phil_mean_max_error": 0.041308128742058317, 
    "phil_mean_spmv_time": 0.0027086547613143935, 
    "phil_mean_time": 0.021260370066223146
}