{
    "oski_mean_max_error": 0.27440441079860267, 
    "oski_mean_spmv_time": 0.0052387438299999452, 
    "oski_mean_time": 0.299744909926, 
    "phil_mean_max_error": 0.017034427699055166, 
    "phil_mean_spmv_time": 0.0052387438299999452, 
    "phil_mean_time": 0.038090808174000006, 
    "pphil_mean_max_error": 0.010874249588208391, 
    "pphil_mean_spmv_time": 0.0052387438299999452, 
    "pphil_mean_time": 0.004125898877
}