{
    "oski_mean_max_error": 0.35910224051121803, 
    "oski_mean_spmv_time": 0.0074005699157715012, 
    "oski_mean_time": 0.6105738991111755, 
    "phil_mean_max_error": 0.020318400683721097, 
    "phil_mean_spmv_time": 0.0074005699157715012, 
    "phil_mean_time": 0.036815050702514646
}