{
    "oski_mean_max_error": 0.37033412221856143, 
    "oski_mean_spmv_time": 0.0074820290088653393, 
    "oski_mean_time": 0.2726904606311035, 
    "phil_mean_max_error": 0.02414089455301386, 
    "phil_mean_spmv_time": 0.0077901792526244937, 
    "phil_mean_time": 0.027126190355682374
}