{
    "oski_mean_max_error": 0.38537728338416721, 
    "oski_mean_spmv_time": 0.0056228576660156161, 
    "oski_mean_time": 0.40572392952697756, 
    "phil_mean_max_error": 0.021768923092500381, 
    "phil_mean_spmv_time": 0.0056245779991149804, 
    "phil_mean_time": 0.03462671024032593
}