{
    "oski_mean_max_error": 0.38305260143165704, 
    "oski_mean_spmv_time": 0.0067166993856430136, 
    "oski_mean_time": 0.2642089902508545, 
    "phil_mean_max_error": 0.021910145919714349, 
    "phil_mean_spmv_time": 0.0065242965698242335, 
    "phil_mean_time": 0.031823460549468996
}