{
    "oski_mean_max_error": 0.36097116214925679, 
    "oski_mean_spmv_time": 0.0058204586267471322, 
    "oski_mean_time": 0.26855823907302856, 
    "phil_mean_max_error": 0.022844941778615842, 
    "phil_mean_spmv_time": 0.0058780908584594727, 
    "phil_mean_time": 0.02728923018585205
}