{
    "oski_mean_max_error": 0.37818187601704972, 
    "oski_mean_spmv_time": 0.0059643851518630898, 
    "oski_mean_time": 0.28135554098342896, 
    "phil_mean_max_error": 0.021294113716109092, 
    "phil_mean_spmv_time": 0.0055942893028259177, 
    "phil_mean_time": 0.02722233008987427
}