{
    "oski_mean_max_error": 0.38248186705433795, 
    "oski_mean_spmv_time": 0.0059232238769531161, 
    "oski_mean_time": 0.41681379041320804, 
    "phil_mean_max_error": 0.021333881014482418, 
    "phil_mean_spmv_time": 0.0056245779991149804, 
    "phil_mean_time": 0.03492386011856079
}