{
    "oski_mean_max_error": 0.38000839259187436, 
    "oski_mean_spmv_time": 0.0055555814600000107, 
    "oski_mean_time": 0.28143264048000005, 
    "phil_mean_max_error": 0.018553101002410363, 
    "phil_mean_spmv_time": 0.0055555814600000107, 
    "phil_mean_time": 0.03847577395, 
    "pphil_mean_max_error": 0.017993179528880677, 
    "pphil_mean_spmv_time": 0.0055555814600000107, 
    "pphil_mean_time": 0.00522631862
}