{
    "oski_mean_max_error": 0.34045160889038689, 
    "oski_mean_spmv_time": 0.0052387438300000025, 
    "oski_mean_time": 0.28345753523, 
    "phil_mean_max_error": 0.018109309213867695, 
    "phil_mean_spmv_time": 0.0052387438300000025, 
    "phil_mean_time": 0.0384701199, 
    "pphil_mean_max_error": 0.018127114900660896, 
    "pphil_mean_spmv_time": 0.0052387438300000025, 
    "pphil_mean_time": 0.005473589920000001
}