{
    "oski_mean_max_error": 0.40036047853340145, 
    "oski_mean_spmv_time": 0.0056261527538299461, 
    "oski_mean_time": 0.2630534591439819, 
    "phil_mean_max_error": 0.025354155353908746, 
    "phil_mean_spmv_time": 0.0056245779991149804, 
    "phil_mean_time": 0.022569660708465576
}