{
    "oski_mean_max_error": 0.38881749553450107, 
    "oski_mean_spmv_time": 0.0056743456255000059, 
    "oski_mean_time": 0.26309021023, 
    "phil_mean_max_error": 0.017749195216649808, 
    "phil_mean_spmv_time": 0.0053823227300000042, 
    "phil_mean_time": 0.03856242636, 
    "pphil_mean_max_error": 0.017231574932580394, 
    "pphil_mean_spmv_time": 0.0053823227300000042, 
    "pphil_mean_time": 0.0055759112
}