{
    "oski_mean_max_error": 0.28279249481697638, 
    "oski_mean_spmv_time": 0.0052387438300000025, 
    "oski_mean_time": 0.29308477145, 
    "phil_mean_max_error": 0.011249943866808679, 
    "phil_mean_spmv_time": 0.0052387438300000025, 
    "phil_mean_time": 0.037888800830000006, 
    "pphil_mean_max_error": 0.027813840459931679, 
    "pphil_mean_spmv_time": 0.0052387438300000025, 
    "pphil_mean_time": 0.00504131893
}