{
    "oski_mean_max_error": 0.21645739195911001, 
    "oski_mean_spmv_time": 0.00094816792011260989, 
    "oski_mean_time": 0.06725910074020386, 
    "phil_mean_max_error": 0.020643901272979468, 
    "phil_mean_spmv_time": 0.00087034940719604617, 
    "phil_mean_time": 0.016117138976593018
}