{
    "oski_mean_max_error": 0.021392139366487328, 
    "oski_mean_spmv_time": 0.00072118825912475539, 
    "oski_mean_time": 0.07764459017700195, 
    "phil_mean_max_error": 0.034373612209253633, 
    "phil_mean_spmv_time": 0.00072172255516052188, 
    "phil_mean_time": 0.0273209009614563
}