{
    "oski_mean_max_error": 0.021235936632306412, 
    "oski_mean_spmv_time": 0.00072118825912475539, 
    "oski_mean_time": 0.07758961923721314, 
    "phil_mean_max_error": 0.039714230330195936, 
    "phil_mean_spmv_time": 0.00072161569595336861, 
    "phil_mean_time": 0.018904889336090087
}