{
    "oski_mean_max_error": 0.02254779044033775, 
    "oski_mean_spmv_time": 0.00072118825912475539, 
    "oski_mean_time": 0.07749248004089355, 
    "phil_mean_max_error": 0.040565971754911834, 
    "phil_mean_spmv_time": 0.00072168693542480416, 
    "phil_mean_time": 0.018893931178894045
}