{
    "oski_mean_max_error": 0.020854681659408101, 
    "oski_mean_spmv_time": 0.00071331853030000042, 
    "oski_mean_time": 0.08428643298, 
    "phil_mean_max_error": 0.033022052579048868, 
    "phil_mean_spmv_time": 0.00071206984000000062, 
    "phil_mean_time": 0.02822343167, 
    "pphil_mean_max_error": 0.032733186613198149, 
    "pphil_mean_spmv_time": 0.00071206984000000062, 
    "pphil_mean_time": 0.00415258098
}