{
    "oski_mean_max_error": 0.019575348619513048, 
    "oski_mean_spmv_time": 0.00069837826999999679, 
    "oski_mean_time": 0.08129230751600001, 
    "phil_mean_max_error": 0.030849486686239602, 
    "phil_mean_spmv_time": 0.00069837826999999679, 
    "phil_mean_time": 0.026913218245000002, 
    "pphil_mean_max_error": 0.034805987241352497, 
    "pphil_mean_spmv_time": 0.00069837826999999679, 
    "pphil_mean_time": 0.0030734092750000002
}