{
    "oski_mean_max_error": 0.062210218955733004, 
    "oski_mean_spmv_time": 0.0010542764663696279, 
    "oski_mean_time": 0.09290878997436523, 
    "phil_mean_max_error": 0.036199214520286599, 
    "phil_mean_spmv_time": 0.0010849468231201164, 
    "phil_mean_time": 0.020995089080810544
}