{
    "oski_mean_max_error": 0.062372005062733743, 
    "oski_mean_spmv_time": 0.0010794439554214499, 
    "oski_mean_time": 0.09315039916900635, 
    "phil_mean_max_error": 0.029603950998674185, 
    "phil_mean_spmv_time": 0.0010756587982177759, 
    "phil_mean_time": 0.029934929060668948
}