{
    "oski_mean_max_error": 0.062557020430460214, 
    "oski_mean_spmv_time": 0.001077085018157961, 
    "oski_mean_time": 0.0931966111187744, 
    "phil_mean_max_error": 0.038867356651094781, 
    "phil_mean_spmv_time": 0.0010756587982177759, 
    "phil_mean_time": 0.017288110496063235
}