{
    "oski_mean_max_error": 0.059660599312742313, 
    "oski_mean_spmv_time": 0.0010794130563735981, 
    "oski_mean_time": 0.09279341968978881, 
    "phil_mean_max_error": 0.036047396741342788, 
    "phil_mean_spmv_time": 0.0010756587982177759, 
    "phil_mean_time": 0.021148709004211428
}