{
    "oski_mean_max_error": 0.060965946518384592, 
    "oski_mean_spmv_time": 0.00099720305339999916, 
    "oski_mean_time": 0.09307924602, 
    "phil_mean_max_error": 0.030312825774571867, 
    "phil_mean_spmv_time": 0.00099187662999999948, 
    "phil_mean_time": 0.030786596590000003, 
    "pphil_mean_max_error": 0.028803286570310081, 
    "pphil_mean_spmv_time": 0.00099187662999999948, 
    "pphil_mean_time": 0.00401035975
}