{
    "oski_mean_max_error": 0.020183367565412124, 
    "oski_mean_spmv_time": 0.018309063770000029, 
    "oski_mean_time": 1.07190493699, 
    "phil_mean_max_error": 0.014965648531084119, 
    "phil_mean_spmv_time": 0.018309063770000029, 
    "phil_mean_time": 0.054309927880000004, 
    "pphil_mean_max_error": 0.010839055191613824, 
    "pphil_mean_spmv_time": 0.018309063770000029, 
    "pphil_mean_time": 0.0070338069700000005
}