{
    "oski_mean_max_error": 0.10542375938974491, 
    "oski_mean_spmv_time": 0.0015409803390502939, 
    "oski_mean_time": 0.13129555070098878, 
    "phil_mean_max_error": 0.003558790822490034, 
    "phil_mean_spmv_time": 0.0015409803390502939, 
    "phil_mean_time": 0.022725518904571532
}