{
    "oski_mean_max_error": 0.025103855685661255, 
    "oski_mean_spmv_time": 0.0010243082046508803, 
    "oski_mean_time": 0.0753726195715332, 
    "phil_mean_max_error": 0.029095376219404171, 
    "phil_mean_spmv_time": 0.0010243082046508803, 
    "phil_mean_time": 0.01709617991012573
}