{
    "oski_mean_max_error": 0.024427970122981736, 
    "oski_mean_spmv_time": 0.0011517786979675269, 
    "oski_mean_time": 0.0756498195439148, 
    "phil_mean_max_error": 0.028949912234805582, 
    "phil_mean_spmv_time": 0.0011517786979675269, 
    "phil_mean_time": 0.01715205927734375
}