{
    "oski_mean_max_error": 0.020616498318515059, 
    "oski_mean_spmv_time": 0.0043421506881713944, 
    "oski_mean_time": 0.276044818817749, 
    "phil_mean_max_error": 0.018919233131659042, 
    "phil_mean_spmv_time": 0.0043421506881713944, 
    "phil_mean_time": 0.017949760458679197
}