{
    "oski_mean_max_error": 0.019583958696452582, 
    "oski_mean_spmv_time": 0.0037413311004638725, 
    "oski_mean_time": 0.28188675016311643, 
    "phil_mean_max_error": 0.019154804341258051, 
    "phil_mean_spmv_time": 0.0037413311004638725, 
    "phil_mean_time": 0.018099088879852294
}