{
    "oski_mean_max_error": 0.030014014697395456, 
    "oski_mean_spmv_time": 0.0020275807380676293, 
    "oski_mean_time": 0.25005528959487916, 
    "phil_mean_max_error": 0.029501242664778306, 
    "phil_mean_spmv_time": 0.0020275807380676293, 
    "phil_mean_time": 0.02208700897567749
}