{
    "oski_mean_max_error": 0.025925664234073328, 
    "oski_mean_spmv_time": 0.0020846062700000034, 
    "oski_mean_time": 0.24574268197000002, 
    "phil_mean_max_error": 0.022125823295073552, 
    "phil_mean_spmv_time": 0.0020846062700000034, 
    "phil_mean_time": 0.03050747545, 
    "pphil_mean_max_error": 0.032061989067177714, 
    "pphil_mean_spmv_time": 0.0020846062700000034, 
    "pphil_mean_time": 0.00488360161
}