{
    "oski_mean_max_error": 0.029578684068369172, 
    "oski_mean_spmv_time": 0.0020846062699999687, 
    "oski_mean_time": 0.253219194697, 
    "phil_mean_max_error": 0.031113199459625211, 
    "phil_mean_spmv_time": 0.0020846062699999687, 
    "phil_mean_time": 0.030817389931, 
    "pphil_mean_max_error": 0.026206712881006199, 
    "pphil_mean_spmv_time": 0.0020846062699999687, 
    "pphil_mean_time": 0.0032856363880000004
}