{
    "oski_mean_max_error": 0.030160654008168218, 
    "oski_mean_spmv_time": 0.0020275807380676293, 
    "oski_mean_time": 0.24697423947631836, 
    "phil_mean_max_error": 0.032214719361977055, 
    "phil_mean_spmv_time": 0.0020275807380676293, 
    "phil_mean_time": 0.01800123046432495
}