{
    "oski_mean_max_error": 0.070034733173374025, 
    "oski_mean_spmv_time": 0.0038589212656021184, 
    "oski_mean_time": 0.31296993934051515, 
    "phil_mean_max_error": 0.042150310636841173, 
    "phil_mean_spmv_time": 0.0038734670162200988, 
    "phil_mean_time": 0.03009748914337158
}