{
    "oski_mean_max_error": 0.074149458467556564, 
    "oski_mean_spmv_time": 0.0036545828819274915, 
    "oski_mean_time": 0.3104615611062622, 
    "phil_mean_max_error": 0.045163572970387901, 
    "phil_mean_spmv_time": 0.0038236781597137505, 
    "phil_mean_time": 0.030096789318389893
}