{
    "oski_mean_max_error": 0.076092968429643484, 
    "oski_mean_spmv_time": 0.0036930214166641193, 
    "oski_mean_time": 0.3257157499291992, 
    "phil_mean_max_error": 0.045099157849058609, 
    "phil_mean_spmv_time": 0.0036628603935241655, 
    "phil_mean_time": 0.030334979975891116
}