{
    "oski_mean_max_error": 0.073544643876823412, 
    "oski_mean_spmv_time": 0.0036953438282012964, 
    "oski_mean_time": 0.31102247098846436, 
    "phil_mean_max_error": 0.048656391539597187, 
    "phil_mean_spmv_time": 0.0037945631980896045, 
    "phil_mean_time": 0.02568981074081421
}