{
    "oski_mean_max_error": 0.075135122207500654, 
    "oski_mean_spmv_time": 0.0039180230617523234, 
    "oski_mean_time": 0.30820051960235595, 
    "phil_mean_max_error": 0.043949421433154522, 
    "phil_mean_spmv_time": 0.0039218810558319141, 
    "phil_mean_time": 0.0299854192616272
}