{
    "oski_mean_max_error": 0.072751428238913105, 
    "oski_mean_spmv_time": 0.0037058183908462551, 
    "oski_mean_time": 0.3137296902987671, 
    "phil_mean_max_error": 0.034686201775154586, 
    "phil_mean_spmv_time": 0.0038644391059875554, 
    "phil_mean_time": 0.04068368077682496
}