{
    "oski_mean_max_error": 0.07381987248171068, 
    "oski_mean_spmv_time": 0.0036199748809000076, 
    "oski_mean_time": 0.31117534858, 
    "phil_mean_max_error": 0.038339109885543197, 
    "phil_mean_spmv_time": 0.003609687670000008, 
    "phil_mean_time": 0.040786946680000005, 
    "pphil_mean_max_error": 0.039070285299417827, 
    "pphil_mean_spmv_time": 0.003609687670000008, 
    "pphil_mean_time": 0.00584122225
}