{
    "oski_mean_max_error": 0.071370309123662559, 
    "oski_mean_spmv_time": 0.004084673166275035, 
    "oski_mean_time": 0.7988663889274598, 
    "phil_mean_max_error": 0.04825968084666634, 
    "phil_mean_spmv_time": 0.0041799710750579939, 
    "phil_mean_time": 0.04283889041992188
}