{
    "oski_mean_max_error": 0.070900081127564935, 
    "oski_mean_spmv_time": 0.0038558609684999998, 
    "oski_mean_time": 0.32143661842, 
    "phil_mean_max_error": 0.04061653361966118, 
    "phil_mean_spmv_time": 0.0038553287800000002, 
    "phil_mean_time": 0.040800532480000005, 
    "pphil_mean_max_error": 0.035589934758677236, 
    "pphil_mean_spmv_time": 0.0038553287800000002, 
    "pphil_mean_time": 0.00537358847
}