{
    "oski_mean_max_error": 0.014748676920537331, 
    "oski_mean_spmv_time": 0.00052241029999999962, 
    "oski_mean_time": 0.00885034055, 
    "phil_mean_max_error": 0.0086373993333542301, 
    "phil_mean_spmv_time": 0.00052241029999999962, 
    "phil_mean_time": 0.00803781228, 
    "pphil_mean_max_error": 0.0098089137012246294, 
    "pphil_mean_spmv_time": 0.00052241029999999962, 
    "pphil_mean_time": 0.0017911233100000002
}