{
    "oski_mean_max_error": 0.018112667547256867, 
    "oski_mean_spmv_time": 0.00019586801528930644, 
    "oski_mean_time": 0.010010459986419678, 
    "phil_mean_max_error": 0.0079033778847142216, 
    "phil_mean_spmv_time": 0.00019586801528930644, 
    "phil_mean_time": 0.011931269732513428
}