{
    "oski_mean_max_error": 0.015693629057863565, 
    "oski_mean_spmv_time": 0.00041790776252746518, 
    "oski_mean_time": 0.007856980363006591, 
    "phil_mean_max_error": 0.0076565133880489257, 
    "phil_mean_spmv_time": 0.00041855416297912533, 
    "phil_mean_time": 0.009892648908538818
}