{
    "oski_mean_max_error": 0.014045296447207718, 
    "oski_mean_spmv_time": 0.00050097615718841515, 
    "oski_mean_time": 0.007890009933013916, 
    "phil_mean_max_error": 0.0079795343952547403, 
    "phil_mean_spmv_time": 0.00050037145614623992, 
    "phil_mean_time": 0.009946040402374267
}