{
    "oski_mean_max_error": 0.010053609649728306, 
    "oski_mean_spmv_time": 0.00041281966000000466, 
    "oski_mean_time": 0.007886963915000001, 
    "phil_mean_max_error": 0.0084725157890987394, 
    "phil_mean_spmv_time": 0.00041281966000000466, 
    "phil_mean_time": 0.008018655956, 
    "pphil_mean_max_error": 0.012999844880821837, 
    "pphil_mean_spmv_time": 0.00041281966000000466, 
    "pphil_mean_time": 0.001089361649
}