{
    "oski_mean_max_error": 0.015529054063318237, 
    "oski_mean_spmv_time": 0.00039669036865234313, 
    "oski_mean_time": 0.007892089344482423, 
    "phil_mean_max_error": 0.008062075609939429, 
    "phil_mean_spmv_time": 0.00039669036865234313, 
    "phil_mean_time": 0.008534109808044433
}