{
    "oski_mean_max_error": 0.006598429004017344, 
    "oski_mean_spmv_time": 0.00041281966000000065, 
    "oski_mean_time": 0.008405563730000001, 
    "phil_mean_max_error": 0.0068335230789704597, 
    "phil_mean_spmv_time": 0.00041281966000000065, 
    "phil_mean_time": 0.0079932465, 
    "pphil_mean_max_error": 0.0041204794744372367, 
    "pphil_mean_spmv_time": 0.00041281966000000065, 
    "pphil_mean_time": 0.0016677124500000002
}