{
    "oski_mean_max_error": 0.0024355188899994789, 
    "oski_mean_spmv_time": 0.011737878322601331, 
    "oski_mean_time": 0.16303303940429686, 
    "phil_mean_max_error": 0.0069943672549512689, 
    "phil_mean_spmv_time": 0.011737878322601331, 
    "phil_mean_time": 0.013883789559326171
}