{
    "oski_mean_max_error": 0.002536005210399375, 
    "oski_mean_spmv_time": 0.012099691640000014, 
    "oski_mean_time": 0.18382798071, 
    "phil_mean_max_error": 0.0072615826676463427, 
    "phil_mean_spmv_time": 0.012099691640000014, 
    "phil_mean_time": 0.010574229530000001, 
    "pphil_mean_max_error": 0.0077460304053244789, 
    "pphil_mean_spmv_time": 0.012099691640000014, 
    "pphil_mean_time": 0.0016460163500000003
}