{
    "oski_mean_max_error": 0.0023426226330006332, 
    "oski_mean_spmv_time": 0.011737878322601331, 
    "oski_mean_time": 0.22583995086593628, 
    "phil_mean_max_error": 0.0071072527115466364, 
    "phil_mean_spmv_time": 0.011737878322601331, 
    "phil_mean_time": 0.016679209456481933
}