{
    "oski_mean_max_error": 0.0023159046367347827, 
    "oski_mean_spmv_time": 0.011737878322601331, 
    "oski_mean_time": 0.23116832031951906, 
    "phil_mean_max_error": 0.0077733212692121878, 
    "phil_mean_spmv_time": 0.011737878322601331, 
    "phil_mean_time": 0.014437459722747802
}