{
    "oski_mean_max_error": 0.0026293439779613375, 
    "oski_mean_spmv_time": 0.011737878322601331, 
    "oski_mean_time": 0.2116368188545227, 
    "phil_mean_max_error": 0.0055817548221703695, 
    "phil_mean_spmv_time": 0.011737878322601331, 
    "phil_mean_time": 0.02185563899505615
}