{
    "oski_mean_max_error": 0.0042397893171905081, 
    "oski_mean_spmv_time": 0.004064550399780268, 
    "oski_mean_time": 0.05308465954589844, 
    "phil_mean_max_error": 0.0060919677031162052, 
    "phil_mean_spmv_time": 0.004064550399780268, 
    "phil_mean_time": 0.015533910648498534
}