{
    "oski_mean_max_error": 0.0023866093687612629, 
    "oski_mean_spmv_time": 0.012036881446838361, 
    "oski_mean_time": 0.16127234895629883, 
    "phil_mean_max_error": 0.0065848547544794167, 
    "phil_mean_spmv_time": 0.012036881446838361, 
    "phil_mean_time": 0.013394570267944337
}