{
    "oski_mean_max_error": 0.0024567110011765726, 
    "oski_mean_spmv_time": 0.011974565999999996, 
    "oski_mean_time": 0.18316999668, 
    "phil_mean_max_error": 0.007755379806263364, 
    "phil_mean_spmv_time": 0.011987732458399996, 
    "phil_mean_time": 0.010691662930000002, 
    "pphil_mean_max_error": 0.0077691930117667445, 
    "pphil_mean_spmv_time": 0.011991024072999996, 
    "pphil_mean_time": 0.00162400244
}