{
    "oski_mean_max_error": 0.0029823794963963948, 
    "oski_mean_spmv_time": 0.0075171804428100517, 
    "oski_mean_time": 0.19384322104507448, 
    "phil_mean_max_error": 0.036496609014438339, 
    "phil_mean_spmv_time": 0.0075234256982803296, 
    "phil_mean_time": 0.0013135295570373539
}