{
    "oski_mean_max_error": 0.0023551894179483618, 
    "oski_mean_spmv_time": 0.01234750213623048, 
    "oski_mean_time": 0.16727116104904177, 
    "phil_mean_max_error": 0.0065135395063577054, 
    "phil_mean_spmv_time": 0.012340213179588328, 
    "phil_mean_time": 0.013156339169464112
}