{
    "oski_mean_max_error": 0.0023153026687294689, 
    "oski_mean_spmv_time": 0.011824378967285163, 
    "oski_mean_time": 0.15870704985305786, 
    "phil_mean_max_error": 0.0067855194685220157, 
    "phil_mean_spmv_time": 0.011824378967285163, 
    "phil_mean_time": 0.013265999672698973
}