{
    "oski_mean_max_error": 0.17546208533129934, 
    "oski_mean_spmv_time": 0.0037425987720489449, 
    "oski_mean_time": 0.02487349040725708, 
    "phil_mean_max_error": 0.0057643238175690177, 
    "phil_mean_spmv_time": 0.0028154397010803295, 
    "phil_mean_time": 0.00832179916534424
}