{
    "oski_mean_max_error": 0.26814231784075454, 
    "oski_mean_spmv_time": 0.0018258560180664071, 
    "oski_mean_time": 0.02850294915130615, 
    "phil_mean_max_error": 0.030409026325820911, 
    "phil_mean_spmv_time": 0.0017761898040771493, 
    "phil_mean_time": 0.0011129289219665528
}