{
    "oski_mean_max_error": 0.001777966647180717, 
    "oski_mean_spmv_time": 0.0055876994132995558, 
    "oski_mean_time": 0.07353417896270752, 
    "phil_mean_max_error": 0.0061507602026021199, 
    "phil_mean_spmv_time": 0.0055876994132995558, 
    "phil_mean_time": 0.012469669832763673
}