{
    "oski_mean_max_error": 0.0018962571772352338, 
    "oski_mean_spmv_time": 0.0034228455399999973, 
    "oski_mean_time": 0.07934650197000001, 
    "phil_mean_max_error": 0.0079016319135520614, 
    "phil_mean_spmv_time": 0.0034228455399999973, 
    "phil_mean_time": 0.007387364350000001, 
    "pphil_mean_max_error": 0.0082917265095991399, 
    "pphil_mean_spmv_time": 0.0034228455399999973, 
    "pphil_mean_time": 0.00128703536
}