{
    "oski_mean_max_error": 0.0020518695938991933, 
    "oski_mean_spmv_time": 0.0033202385902404812, 
    "oski_mean_time": 0.06710692918563843, 
    "phil_mean_max_error": 0.0077569069190461127, 
    "phil_mean_spmv_time": 0.0033202385902404812, 
    "phil_mean_time": 0.009374680004119873
}