{
    "oski_mean_max_error": 0.0018256215309420706, 
    "oski_mean_spmv_time": 0.0057727383200000138, 
    "oski_mean_time": 0.08101132063, 
    "phil_mean_max_error": 0.008140869511406407, 
    "phil_mean_spmv_time": 0.0057727383200000138, 
    "phil_mean_time": 0.0073471981000000006, 
    "pphil_mean_max_error": 0.0083702183011067788, 
    "pphil_mean_spmv_time": 0.0057727383200000138, 
    "pphil_mean_time": 0.00157201519
}