{
    "oski_mean_max_error": 0.0016827925692190205, 
    "oski_mean_spmv_time": 0.0036992210899999974, 
    "oski_mean_time": 0.07582314607000001, 
    "phil_mean_max_error": 0.0083031079906675347, 
    "phil_mean_spmv_time": 0.0036992210899999974, 
    "phil_mean_time": 0.00739403411, 
    "pphil_mean_max_error": 0.0076417053152933005, 
    "pphil_mean_spmv_time": 0.0036992210899999974, 
    "pphil_mean_time": 0.00167707101
}