{
    "oski_mean_max_error": 0.0016627849762387251, 
    "oski_mean_spmv_time": 0.0055876994132995558, 
    "oski_mean_time": 0.06677019952850342, 
    "phil_mean_max_error": 0.0076255877719328888, 
    "phil_mean_spmv_time": 0.0055876994132995558, 
    "phil_mean_time": 0.009404381020355224
}