{
    "oski_mean_max_error": 0.0037375445116015369, 
    "oski_mean_spmv_time": 0.0032029416100000053, 
    "oski_mean_time": 0.03848010474, 
    "phil_mean_max_error": 0.0032455488480652083, 
    "phil_mean_spmv_time": 0.0032029416100000053, 
    "phil_mean_time": 0.00928021846, 
    "pphil_mean_max_error": 0.0031138151084323142, 
    "pphil_mean_spmv_time": 0.0032029416100000053, 
    "pphil_mean_time": 0.0019001836300000003
}