{
    "oski_mean_max_error": 0.0037614621581218998, 
    "oski_mean_spmv_time": 0.0022677371500000026, 
    "oski_mean_time": 0.038539000530000006, 
    "phil_mean_max_error": 0.0034396486393665411, 
    "phil_mean_spmv_time": 0.0022677371500000026, 
    "phil_mean_time": 0.00924818311, 
    "pphil_mean_max_error": 0.00375119265095945, 
    "pphil_mean_spmv_time": 0.0022677371500000026, 
    "pphil_mean_time": 0.0019162883600000002
}