{
    "oski_mean_max_error": 0.0037369828944399251, 
    "oski_mean_spmv_time": 0.0022698187828064024, 
    "oski_mean_time": 0.034205609651184084, 
    "phil_mean_max_error": 0.0031106513901494413, 
    "phil_mean_spmv_time": 0.0022698187828064024, 
    "phil_mean_time": 0.011443118850860596
}