{
    "oski_mean_max_error": 0.0036450779154161613, 
    "oski_mean_spmv_time": 0.0023122906684875451, 
    "oski_mean_time": 0.03419790107849121, 
    "phil_mean_max_error": 0.0033869142151362885, 
    "phil_mean_spmv_time": 0.0023122906684875451, 
    "phil_mean_time": 0.009917701057281493
}