{
    "oski_mean_max_error": 0.01460972440161834, 
    "oski_mean_spmv_time": 0.0018050694465637223, 
    "oski_mean_time": 0.020149311067504883, 
    "phil_mean_max_error": 0.0071209409939442629, 
    "phil_mean_spmv_time": 0.0018050694465637223, 
    "phil_mean_time": 0.010486799197387695
}