{
    "oski_mean_max_error": 0.014502839728020699, 
    "oski_mean_spmv_time": 0.00168565397262573, 
    "oski_mean_time": 0.020268770096893308, 
    "phil_mean_max_error": 0.0075366841643155179, 
    "phil_mean_spmv_time": 0.0016865992546081518, 
    "phil_mean_time": 0.008978320190734863
}