{
    "oski_mean_max_error": 0.013863159015163752, 
    "oski_mean_spmv_time": 0.095685820722580028, 
    "oski_mean_time": 0.021388739062042236, 
    "phil_mean_max_error": 0.0077106583579750797, 
    "phil_mean_spmv_time": 0.094540240764617992, 
    "phil_mean_time": 0.010453870309906006
}