{
    "oski_mean_max_error": 0.014930896251659602, 
    "oski_mean_spmv_time": 0.0016853388786315889, 
    "oski_mean_time": 0.020146029209289554, 
    "phil_mean_max_error": 0.0060160330922920027, 
    "phil_mean_spmv_time": 0.0016865992546081518, 
    "phil_mean_time": 0.013940980561523438
}