{
    "oski_mean_max_error": 0.014944405837578258, 
    "oski_mean_spmv_time": 0.0016856539726257296, 
    "oski_mean_time": 0.020152370835113523, 
    "phil_mean_max_error": 0.0073004390704880283, 
    "phil_mean_spmv_time": 0.0016865992546081518, 
    "phil_mean_time": 0.010487969081268311
}