{
    "oski_mean_max_error": 0.0025742385339051761, 
    "oski_mean_spmv_time": 0.0095309495925903487, 
    "oski_mean_time": 0.14917777021636963, 
    "phil_mean_max_error": 0.0056851272678155309, 
    "phil_mean_spmv_time": 0.0095309495925903487, 
    "phil_mean_time": 0.021738099854431155
}