{
    "oski_mean_max_error": 0.0024133899399860072, 
    "oski_mean_spmv_time": 0.0095309495925903487, 
    "oski_mean_time": 0.14861818948745728, 
    "phil_mean_max_error": 0.0065252937433501797, 
    "phil_mean_spmv_time": 0.0095309495925903487, 
    "phil_mean_time": 0.016380709923858643
}