{
    "oski_mean_max_error": 0.0028529876707718677, 
    "oski_mean_spmv_time": 0.0094453042200000042, 
    "oski_mean_time": 0.15443719121000002, 
    "phil_mean_max_error": 0.0077247735936753371, 
    "phil_mean_spmv_time": 0.0094453042200000042, 
    "phil_mean_time": 0.013060640850000001, 
    "pphil_mean_max_error": 0.0071327772472629617, 
    "pphil_mean_spmv_time": 0.0094453042200000042, 
    "pphil_mean_time": 0.0021933474700000003
}