{
    "oski_mean_max_error": 0.0026771687495114366, 
    "oski_mean_spmv_time": 0.0096429491043090749, 
    "oski_mean_time": 0.1484547108331299, 
    "phil_mean_max_error": 0.0068907128828882905, 
    "phil_mean_spmv_time": 0.0096429491043090749, 
    "phil_mean_time": 0.01630080115386963
}