{
    "oski_mean_max_error": 0.022953350372864674, 
    "oski_mean_spmv_time": 0.01043053230000001, 
    "oski_mean_time": 0.06516458889000001, 
    "phil_mean_max_error": 0.0058689812675068011, 
    "phil_mean_spmv_time": 0.01043053230000001, 
    "phil_mean_time": 0.013542710250000001, 
    "pphil_mean_max_error": 0.0057036331736279103, 
    "pphil_mean_spmv_time": 0.01043053230000001, 
    "pphil_mean_time": 0.00253649057
}