{
    "oski_mean_max_error": 0.024856693516479841, 
    "oski_mean_spmv_time": 0.011977388769999793, 
    "oski_mean_time": 0.059768736572, 
    "phil_mean_max_error": 0.0067212063048425605, 
    "phil_mean_spmv_time": 0.011977388769999793, 
    "phil_mean_time": 0.012070220218000001, 
    "pphil_mean_max_error": 0.0072442624516330795, 
    "pphil_mean_spmv_time": 0.011977388769999793, 
    "pphil_mean_time": 0.0017294173500000001
}