{
    "oski_mean_max_error": 0.024827501311958322, 
    "oski_mean_spmv_time": 0.012467999458313001, 
    "oski_mean_time": 0.057841569148406984, 
    "phil_mean_max_error": 0.0045789992857222829, 
    "phil_mean_spmv_time": 0.012467999458313001, 
    "phil_mean_time": 0.021195561149139404
}