{
    "oski_mean_max_error": 0.023671618092343617, 
    "oski_mean_spmv_time": 0.012467999458313001, 
    "oski_mean_time": 0.058209449229736324, 
    "phil_mean_max_error": 0.0052793593648118075, 
    "phil_mean_spmv_time": 0.012467999458313001, 
    "phil_mean_time": 0.014320460035247801
}