{
    "oski_mean_max_error": 0.02170942774219279, 
    "oski_mean_spmv_time": 0.011977388770000008, 
    "oski_mean_time": 0.06522962446, 
    "phil_mean_max_error": 0.0056798132190810638, 
    "phil_mean_spmv_time": 0.011977388770000008, 
    "phil_mean_time": 0.013441122960000001, 
    "pphil_mean_max_error": 0.0054810947371810902, 
    "pphil_mean_spmv_time": 0.011977388770000008, 
    "pphil_mean_time": 0.00236433148
}