{
    "oski_mean_max_error": 0.029005236663598697, 
    "oski_mean_spmv_time": 0.011977388770000008, 
    "oski_mean_time": 0.06027891052, 
    "phil_mean_max_error": 0.010790849982835627, 
    "phil_mean_spmv_time": 0.011977388770000008, 
    "phil_mean_time": 0.01279110908, 
    "pphil_mean_max_error": 0.0031509451696351705, 
    "pphil_mean_spmv_time": 0.011977388770000008, 
    "pphil_mean_time": 0.0022280735100000002
}