{
    "oski_mean_max_error": 0.0058649882165600587, 
    "oski_mean_spmv_time": 0.0022437191009521463, 
    "oski_mean_time": 0.032435409193572996, 
    "phil_mean_max_error": 0.0063534949183204461, 
    "phil_mean_spmv_time": 0.0022437191009521463, 
    "phil_mean_time": 0.009109450151367188
}