{
    "oski_mean_max_error": 0.0057170596651267627, 
    "oski_mean_spmv_time": 0.0021584510803222619, 
    "oski_mean_time": 0.0603700307675171, 
    "phil_mean_max_error": 0.0061368494829843702, 
    "phil_mean_spmv_time": 0.0021584510803222619, 
    "phil_mean_time": 0.03915161989318847
}