{
    "oski_mean_max_error": 0.0058804709063493268, 
    "oski_mean_spmv_time": 0.0021584510803222619, 
    "oski_mean_time": 0.055743250968322756, 
    "phil_mean_max_error": 0.031100316645689966, 
    "phil_mean_spmv_time": 0.0021584510803222619, 
    "phil_mean_time": 0.001159198852233887
}