{
    "oski_mean_max_error": 0.0098195132220501007, 
    "oski_mean_spmv_time": 0.00042046070098876952, 
    "oski_mean_time": 0.013215200495758058, 
    "phil_mean_max_error": 0.04435628249606529, 
    "phil_mean_spmv_time": 0.00042046070098876952, 
    "phil_mean_time": 0.0004965709785461426
}