{
    "oski_mean_max_error": 0.010249949687098471, 
    "oski_mean_spmv_time": 0.00042046070098876952, 
    "oski_mean_time": 0.012047380686035156, 
    "phil_mean_max_error": 0.0094762286354157007, 
    "phil_mean_spmv_time": 0.00042046070098876952, 
    "phil_mean_time": 0.010728971000671389
}