{
    "oski_mean_max_error": 0.031314295226087252, 
    "oski_mean_spmv_time": 0.0013106652259826678, 
    "oski_mean_time": 0.01551246045928955, 
    "phil_mean_max_error": 0.0084039778718363062, 
    "phil_mean_spmv_time": 0.0013095188140869159, 
    "phil_mean_time": 0.009597839803466797
}