{
    "oski_mean_max_error": 0.034848401021903709, 
    "oski_mean_spmv_time": 0.001388940811157229, 
    "oski_mean_time": 0.024740160849609377, 
    "phil_mean_max_error": 0.045319825503399878, 
    "phil_mean_spmv_time": 0.001388940811157229, 
    "phil_mean_time": 0.000573829644622803
}