{
    "oski_mean_max_error": 0.032387983199249841, 
    "oski_mean_spmv_time": 0.0013853597640991202, 
    "oski_mean_time": 0.015958010232086182, 
    "phil_mean_max_error": 0.008922052803424136, 
    "phil_mean_spmv_time": 0.0013853597640991202, 
    "phil_mean_time": 0.009606109765624999
}