{
    "oski_mean_max_error": 0.018830028065786042, 
    "oski_mean_spmv_time": 0.0024346871500000029, 
    "oski_mean_time": 0.02778305076, 
    "phil_mean_max_error": 0.0085432410823213043, 
    "phil_mean_spmv_time": 0.0024346871500000029, 
    "phil_mean_time": 0.012263748950000002, 
    "pphil_mean_max_error": 0.008099131807177213, 
    "pphil_mean_spmv_time": 0.0024346871500000029, 
    "pphil_mean_time": 0.00208679201
}