{
    "oski_mean_max_error": 0.020211687524406913, 
    "oski_mean_spmv_time": 0.0027747607231140064, 
    "oski_mean_time": 0.025277310558166507, 
    "phil_mean_max_error": 0.0069213115506835642, 
    "phil_mean_spmv_time": 0.0027747607231140064, 
    "phil_mean_time": 0.019217780042266847
}