{
    "oski_mean_max_error": 0.01816064859097001, 
    "oski_mean_spmv_time": 0.0027747607231140064, 
    "oski_mean_time": 0.025298361028900148, 
    "phil_mean_max_error": 0.0075914508873216246, 
    "phil_mean_spmv_time": 0.0027747607231140064, 
    "phil_mean_time": 0.014876871185302733
}