{
    "oski_mean_max_error": 0.018839071182705332, 
    "oski_mean_spmv_time": 0.0027721777200698781, 
    "oski_mean_time": 0.02542717107116699, 
    "phil_mean_max_error": 0.008755782378181946, 
    "phil_mean_spmv_time": 0.0027747607231140064, 
    "phil_mean_time": 0.013008499449920654
}