{
    "oski_mean_max_error": 0.019392672050140211, 
    "oski_mean_spmv_time": 0.0027440657500000004, 
    "oski_mean_time": 0.025749238070000003, 
    "phil_mean_max_error": 0.0088007800659034817, 
    "phil_mean_spmv_time": 0.0027440657500000004, 
    "phil_mean_time": 0.01225096154, 
    "pphil_mean_max_error": 0.008195623130457878, 
    "pphil_mean_spmv_time": 0.0027440657500000004, 
    "pphil_mean_time": 0.0022546506600000004
}