{
    "oski_mean_max_error": 0.020107341060518574, 
    "oski_mean_spmv_time": 0.00060868594000000088, 
    "oski_mean_time": 0.007982373212, 
    "phil_mean_max_error": 0.006284945109463271, 
    "phil_mean_spmv_time": 0.00060868594000000088, 
    "phil_mean_time": 0.008472094669, 
    "pphil_mean_max_error": 0.0068533076582300003, 
    "pphil_mean_spmv_time": 0.00060868594000000088, 
    "pphil_mean_time": 0.001132626931
}