{
    "oski_mean_max_error": 0.022819938156435834, 
    "oski_mean_spmv_time": 0.00047699661254882897, 
    "oski_mean_time": 0.007666910368652345, 
    "phil_mean_max_error": 0.00734820773187178, 
    "phil_mean_spmv_time": 0.0004711389541625985, 
    "phil_mean_time": 0.010551210344390868
}