{
    "oski_mean_max_error": 0.022886276352371872, 
    "oski_mean_spmv_time": 0.0005288989067077644, 
    "oski_mean_time": 0.007547340916442871, 
    "phil_mean_max_error": 0.008347230005857062, 
    "phil_mean_spmv_time": 0.00052695989608764736, 
    "phil_mean_time": 0.009138989107360839
}