{
    "oski_mean_max_error": 0.030410513819087132, 
    "oski_mean_spmv_time": 0.00041317939758300781, 
    "oski_mean_time": 0.008697480232696534, 
    "phil_mean_max_error": 0.0085599149539511109, 
    "phil_mean_spmv_time": 0.00041317939758300781, 
    "phil_mean_time": 0.016597720013275145
}