{
    "oski_mean_max_error": 0.023185066847238617, 
    "oski_mean_spmv_time": 0.00052695989608764736, 
    "oski_mean_time": 0.007562589898529053, 
    "phil_mean_max_error": 0.0068422729944664969, 
    "phil_mean_spmv_time": 0.00052695989608764736, 
    "phil_mean_time": 0.013999419887695312
}