{
    "oski_mean_max_error": 0.055922911000489232, 
    "oski_mean_spmv_time": 0.0027750897407531703, 
    "oski_mean_time": 0.02753070093475342, 
    "phil_mean_max_error": 0.0051296197873283598, 
    "phil_mean_spmv_time": 0.0027750897407531703, 
    "phil_mean_time": 0.010880908846435547
}