{
    "oski_mean_max_error": 0.060510666450968816, 
    "oski_mean_spmv_time": 0.0024906308033000027, 
    "oski_mean_time": 0.026368949330000002, 
    "phil_mean_max_error": 0.0055333911591833821, 
    "phil_mean_spmv_time": 0.0024796715200000028, 
    "phil_mean_time": 0.00889537753, 
    "pphil_mean_max_error": 0.0062483071648470369, 
    "pphil_mean_spmv_time": 0.0024796715200000028, 
    "pphil_mean_time": 0.00200248422
}