{
    "oski_mean_max_error": 0.079487003046020466, 
    "oski_mean_spmv_time": 0.0030010929369999966, 
    "oski_mean_time": 0.029064969890000004, 
    "phil_mean_max_error": 0.0054040612858750883, 
    "phil_mean_spmv_time": 0.0029505584499999972, 
    "phil_mean_time": 0.00891714958, 
    "pphil_mean_max_error": 0.0055045533765271859, 
    "pphil_mean_spmv_time": 0.0029505584499999972, 
    "pphil_mean_time": 0.0019634957900000003
}