{
    "oski_mean_max_error": 0.060541043918447564, 
    "oski_mean_spmv_time": 0.0027125790357589732, 
    "oski_mean_time": 0.0510236104246521, 
    "phil_mean_max_error": 0.026139226409081177, 
    "phil_mean_spmv_time": 0.0026923203468322758, 
    "phil_mean_time": 0.00129338105758667
}