{
    "oski_mean_max_error": 0.06045962491166728, 
    "oski_mean_spmv_time": 0.0028411529867999989, 
    "oski_mean_time": 0.02868220197, 
    "phil_mean_max_error": 0.0061051662354987121, 
    "phil_mean_spmv_time": 0.002826223169999999, 
    "phil_mean_time": 0.008912862760000001, 
    "pphil_mean_max_error": 0.0057464051098610755, 
    "pphil_mean_spmv_time": 0.002826223169999999, 
    "pphil_mean_time": 0.0018523156500000002
}