{
    "oski_mean_max_error": 0.055668878838158325, 
    "oski_mean_spmv_time": 0.0028841900825500501, 
    "oski_mean_time": 0.02497456915023804, 
    "phil_mean_max_error": 0.005217856857400084, 
    "phil_mean_spmv_time": 0.0028841900825500501, 
    "phil_mean_time": 0.010921440736999513
}