{
    "oski_mean_max_error": 0.065245729758464696, 
    "oski_mean_spmv_time": 0.0028137293338775602, 
    "oski_mean_time": 0.02548019117980957, 
    "phil_mean_max_error": 0.0042792864971735803, 
    "phil_mean_spmv_time": 0.0027750897407531703, 
    "phil_mean_time": 0.014551999338073732
}