{
    "oski_mean_max_error": 0.055446388680345168, 
    "oski_mean_spmv_time": 0.0029505584499999508, 
    "oski_mean_time": 0.026609699757, 
    "phil_mean_max_error": 0.0073161231705424837, 
    "phil_mean_spmv_time": 0.0029505584499999508, 
    "phil_mean_time": 0.008591484045999999, 
    "pphil_mean_max_error": 0.0034545511828029769, 
    "pphil_mean_spmv_time": 0.0029505584499999508, 
    "pphil_mean_time": 0.0012008551250000002
}