{
    "oski_mean_max_error": 0.074725849268266101, 
    "oski_mean_spmv_time": 0.002852368927001951, 
    "oski_mean_time": 0.02569543914505005, 
    "phil_mean_max_error": 0.0054598248105453004, 
    "phil_mean_spmv_time": 0.0027750897407531703, 
    "phil_mean_time": 0.009410889744567871
}