{
    "oski_mean_max_error": 0.0033935589832209049, 
    "oski_mean_spmv_time": 0.0074754595756530897, 
    "oski_mean_time": 0.12354899963821411, 
    "phil_mean_max_error": 0.0055965892923029413, 
    "phil_mean_spmv_time": 0.0074754595756530897, 
    "phil_mean_time": 0.019071710888671874
}