{
    "oski_mean_max_error": 0.0033865713054488417, 
    "oski_mean_spmv_time": 0.0079390908199999961, 
    "oski_mean_time": 0.1291182582, 
    "phil_mean_max_error": 0.0066469424199826236, 
    "phil_mean_spmv_time": 0.0079390908199999961, 
    "phil_mean_time": 0.011477926680000002, 
    "pphil_mean_max_error": 0.0069985786415028414, 
    "pphil_mean_spmv_time": 0.0079390908199999961, 
    "pphil_mean_time": 0.00226326288
}