{
    "oski_mean_max_error": 0.0052353685781556863, 
    "oski_mean_spmv_time": 0.0076445165600000781, 
    "oski_mean_time": 0.13212818741000001, 
    "phil_mean_max_error": 0.0039544782068805509, 
    "phil_mean_spmv_time": 0.0076445165600000781, 
    "phil_mean_time": 0.010188410776, 
    "pphil_mean_max_error": 0.0075493500508290847, 
    "pphil_mean_spmv_time": 0.0076445165600000781, 
    "pphil_mean_time": 0.0013601850420000001
}