{
    "oski_mean_max_error": 0.0036202941442763487, 
    "oski_mean_spmv_time": 0.0075824067799999959, 
    "oski_mean_time": 0.13847689884, 
    "phil_mean_max_error": 0.006644745547740756, 
    "phil_mean_spmv_time": 0.0075824067799999959, 
    "phil_mean_time": 0.01154154135, 
    "pphil_mean_max_error": 0.0073988470693456942, 
    "pphil_mean_spmv_time": 0.0075824067799999959, 
    "pphil_mean_time": 0.0021042175200000003
}