{
    "oski_mean_max_error": 0.0017339755929655842, 
    "oski_mean_spmv_time": 0.0076445165599999887, 
    "oski_mean_time": 0.13081792349000002, 
    "phil_mean_max_error": 0.0057542058014056216, 
    "phil_mean_spmv_time": 0.0076445165599999887, 
    "phil_mean_time": 0.01009013358, 
    "pphil_mean_max_error": 0.01102686502464992, 
    "pphil_mean_spmv_time": 0.0076445165599999887, 
    "pphil_mean_time": 0.0017559824000000003
}