{
    "oski_mean_max_error": 0.019053120687756206, 
    "oski_mean_spmv_time": 0.00076806650800000152, 
    "oski_mean_time": 0.00528717605, 
    "phil_mean_max_error": 0.00493342936078533, 
    "phil_mean_spmv_time": 0.00075559691000000177, 
    "phil_mean_time": 0.00926789979, 
    "pphil_mean_max_error": 0.0048535432894449776, 
    "pphil_mean_spmv_time": 0.00075559691000000177, 
    "pphil_mean_time": 0.0020056237300000003
}