{
    "oski_mean_max_error": 0.022540447982039965, 
    "oski_mean_spmv_time": 0.00092313914299011217, 
    "oski_mean_time": 0.004615530854797364, 
    "phil_mean_max_error": 0.0043887099428355728, 
    "phil_mean_spmv_time": 0.00092450857162475555, 
    "phil_mean_time": 0.011234891015014648
}