{
    "oski_mean_max_error": 0.046655341470262096, 
    "oski_mean_spmv_time": 0.00060705628395080549, 
    "oski_mean_time": 0.0063564092608642585, 
    "phil_mean_max_error": 0.023034183151029512, 
    "phil_mean_spmv_time": 0.00062358324527740433, 
    "phil_mean_time": 0.0008530694679260253
}