{
    "oski_mean_max_error": 0.050889641706226896, 
    "oski_mean_spmv_time": 0.00075559691000001033, 
    "oski_mean_time": 0.0039029978570000005, 
    "phil_mean_max_error": 0.0050269017656088943, 
    "phil_mean_spmv_time": 0.00075559691000001033, 
    "phil_mean_time": 0.009467114028, 
    "pphil_mean_max_error": 0.0016070281209401285, 
    "pphil_mean_spmv_time": 0.00075559691000001033, 
    "pphil_mean_time": 0.0011747092190000001
}