{
    "oski_mean_max_error": 0.073246880875853959, 
    "oski_mean_spmv_time": 0.00066280245780944702, 
    "oski_mean_time": 0.004677909258270264, 
    "phil_mean_max_error": 0.004429628571122014, 
    "phil_mean_spmv_time": 0.00065187931060790892, 
    "phil_mean_time": 0.01126209012237549
}