{
    "oski_mean_max_error": 0.0043495568825178098, 
    "oski_mean_spmv_time": 0.00075559691000000177, 
    "oski_mean_time": 0.005661754850000001, 
    "phil_mean_max_error": 0.0038028850644565336, 
    "phil_mean_spmv_time": 0.00075559691000000177, 
    "phil_mean_time": 0.00933801197, 
    "pphil_mean_max_error": 0.0058832656287728016, 
    "pphil_mean_spmv_time": 0.00075559691000000177, 
    "pphil_mean_time": 0.0018238177300000003
}