{
    "oski_mean_max_error": 0.0063107866676450344, 
    "oski_mean_spmv_time": 0.0076581096649169815, 
    "oski_mean_time": 0.07259253966079711, 
    "phil_mean_max_error": 0.0065603612115906294, 
    "phil_mean_spmv_time": 0.0076581096649169815, 
    "phil_mean_time": 0.015763839669952394
}