{
    "oski_mean_max_error": 0.006711137728306049, 
    "oski_mean_spmv_time": 0.0076581096649169815, 
    "oski_mean_time": 0.07270145062789916, 
    "phil_mean_max_error": 0.0059514168360585082, 
    "phil_mean_spmv_time": 0.0076581096649169815, 
    "phil_mean_time": 0.01571483069656372
}