{
    "oski_mean_max_error": 0.0066894971237393156, 
    "oski_mean_spmv_time": 0.0091588807106017869, 
    "oski_mean_time": 0.07766047889328002, 
    "phil_mean_max_error": 0.0067022757826749471, 
    "phil_mean_spmv_time": 0.0091588807106017869, 
    "phil_mean_time": 0.01552861988204956
}