{
    "oski_mean_max_error": 0.0064428405636004537, 
    "oski_mean_spmv_time": 0.011013326050000025, 
    "oski_mean_time": 0.0800260918, 
    "phil_mean_max_error": 0.0066991370551262265, 
    "phil_mean_spmv_time": 0.011013326050000025, 
    "phil_mean_time": 0.01277360778, 
    "pphil_mean_max_error": 0.0069378773160954114, 
    "pphil_mean_spmv_time": 0.011013326050000025, 
    "pphil_mean_time": 0.00230906548
}