{
    "oski_mean_max_error": 0.0051248716633871426, 
    "oski_mean_spmv_time": 0.011013326050000025, 
    "oski_mean_time": 0.07403426658000001, 
    "phil_mean_max_error": 0.0048542094836205854, 
    "phil_mean_spmv_time": 0.011013326050000025, 
    "phil_mean_time": 0.011941897730000001, 
    "pphil_mean_max_error": 0.0049429204144107192, 
    "pphil_mean_spmv_time": 0.011013326050000025, 
    "pphil_mean_time": 0.00212616155
}