{
    "oski_mean_max_error": 0.0055311144799953561, 
    "oski_mean_spmv_time": 0.011013326049999765, 
    "oski_mean_time": 0.074026737822, 
    "phil_mean_max_error": 0.0046412552309624154, 
    "phil_mean_spmv_time": 0.011013326049999765, 
    "phil_mean_time": 0.011958733936000002, 
    "pphil_mean_max_error": 0.0042523909417795519, 
    "pphil_mean_spmv_time": 0.011013326049999765, 
    "pphil_mean_time": 0.00157979632
}