{
    "oski_mean_max_error": 0.007054451654613679, 
    "oski_mean_spmv_time": 0.003626458644866938, 
    "oski_mean_time": 0.0870082801802063, 
    "phil_mean_max_error": 0.031646193354740518, 
    "phil_mean_spmv_time": 0.003626458644866938, 
    "phil_mean_time": 0.0014653896417236333
}