{
    "oski_mean_max_error": 0.0066058606741191831, 
    "oski_mean_spmv_time": 0.0075302386283874478, 
    "oski_mean_time": 0.07281299903823853, 
    "phil_mean_max_error": 0.0065999333417882788, 
    "phil_mean_spmv_time": 0.0075302386283874478, 
    "phil_mean_time": 0.01572694098022461
}