{
    "oski_mean_max_error": 0.0064852463350891128, 
    "oski_mean_spmv_time": 0.0077151107788085973, 
    "oski_mean_time": 0.07217150030700684, 
    "phil_mean_max_error": 0.0069256759065746375, 
    "phil_mean_spmv_time": 0.0077151107788085973, 
    "phil_mean_time": 0.015513489598999024
}