{
    "oski_mean_max_error": 0.0079318600235154819, 
    "oski_mean_spmv_time": 0.0020750025100000047, 
    "oski_mean_time": 0.03062924033, 
    "phil_mean_max_error": 0.005702064508804755, 
    "phil_mean_spmv_time": 0.0020750025100000047, 
    "phil_mean_time": 0.00929921203, 
    "pphil_mean_max_error": 0.0062217556638162206, 
    "pphil_mean_spmv_time": 0.0020750025100000047, 
    "pphil_mean_time": 0.00198195592
}