{
    "oski_mean_max_error": 0.0080518554332710875, 
    "oski_mean_spmv_time": 0.001934413899999996, 
    "oski_mean_time": 0.03304663025000001, 
    "phil_mean_max_error": 0.0065911712289064613, 
    "phil_mean_spmv_time": 0.001934413899999996, 
    "phil_mean_time": 0.00927557256, 
    "pphil_mean_max_error": 0.0058153261712215977, 
    "pphil_mean_spmv_time": 0.001934413899999996, 
    "pphil_mean_time": 0.0017363926200000001
}