{
    "oski_mean_max_error": 0.0076046681490301582, 
    "oski_mean_spmv_time": 0.0019393013600000042, 
    "oski_mean_time": 0.03306409228, 
    "phil_mean_max_error": 0.0060393184638591743, 
    "phil_mean_spmv_time": 0.0019393013600000042, 
    "phil_mean_time": 0.00930787326, 
    "pphil_mean_max_error": 0.0064002339187619484, 
    "pphil_mean_spmv_time": 0.0019393013600000042, 
    "pphil_mean_time": 0.0018744933900000003
}