{
    "oski_mean_max_error": 0.0085186009544537915, 
    "oski_mean_spmv_time": 0.0020157384872436517, 
    "oski_mean_time": 0.03939382906829834, 
    "phil_mean_max_error": 0.0055073840993319668, 
    "phil_mean_spmv_time": 0.0020157384872436517, 
    "phil_mean_time": 0.011502809548645021
}