{
    "oski_mean_max_error": 0.0084526170324222358, 
    "oski_mean_spmv_time": 0.0020157384872436517, 
    "oski_mean_time": 0.029364050697021485, 
    "phil_mean_max_error": 0.0057777600333581815, 
    "phil_mean_spmv_time": 0.0020157384872436517, 
    "phil_mean_time": 0.011438540479278565
}