{
    "oski_mean_max_error": 0.008674629621587833, 
    "oski_mean_spmv_time": 0.0020995497703552284, 
    "oski_mean_time": 0.029275448944091797, 
    "phil_mean_max_error": 0.0055264678889130189, 
    "phil_mean_spmv_time": 0.0020995497703552284, 
    "phil_mean_time": 0.011070610618896484
}