{
    "oski_mean_max_error": 0.0087408897972269545, 
    "oski_mean_spmv_time": 0.0020157384872436517, 
    "oski_mean_time": 0.029378301187744142, 
    "phil_mean_max_error": 0.0048272258748763555, 
    "phil_mean_spmv_time": 0.0020157384872436517, 
    "phil_mean_time": 0.015043339659118653
}