{
    "oski_mean_max_error": 0.0052767815937923802, 
    "oski_mean_spmv_time": 0.0045898293000000215, 
    "oski_mean_time": 0.063793421317, 
    "phil_mean_max_error": 0.013294352344322777, 
    "phil_mean_spmv_time": 0.0045898293000000215, 
    "phil_mean_time": 0.009035799199000001, 
    "pphil_mean_max_error": 0.00431326722312816, 
    "pphil_mean_spmv_time": 0.0045898293000000215, 
    "pphil_mean_time": 0.001166318577
}