{
    "oski_mean_max_error": 0.0046749461499782201, 
    "oski_mean_spmv_time": 0.0049899228999999998, 
    "oski_mean_time": 0.06445282766, 
    "phil_mean_max_error": 0.0060633996888313588, 
    "phil_mean_spmv_time": 0.0049899228999999998, 
    "phil_mean_time": 0.010499492400000001, 
    "pphil_mean_max_error": 0.0060964163762364009, 
    "pphil_mean_spmv_time": 0.0049899228999999998, 
    "pphil_mean_time": 0.0021921989300000004
}