{
    "oski_mean_max_error": 0.0043917887597019634, 
    "oski_mean_spmv_time": 0.0045898293000000033, 
    "oski_mean_time": 0.06988739545, 
    "phil_mean_max_error": 0.0061086927230628385, 
    "phil_mean_spmv_time": 0.0045898293000000033, 
    "phil_mean_time": 0.01039205596, 
    "pphil_mean_max_error": 0.0057549441823577553, 
    "pphil_mean_spmv_time": 0.0045898293000000033, 
    "pphil_mean_time": 0.00208852939
}