{
    "oski_mean_max_error": 0.0043605970094659219, 
    "oski_mean_spmv_time": 0.0050851770900000029, 
    "oski_mean_time": 0.06928202543, 
    "phil_mean_max_error": 0.0057626263523413209, 
    "phil_mean_spmv_time": 0.0050851770900000029, 
    "phil_mean_time": 0.010423073250000001, 
    "pphil_mean_max_error": 0.0056921358443127864, 
    "pphil_mean_spmv_time": 0.0050851770900000029, 
    "pphil_mean_time": 0.00209750244
}