{
    "oski_mean_max_error": 0.0041571110644830125, 
    "oski_mean_spmv_time": 0.0046094894409179762, 
    "oski_mean_time": 0.06142857099990845, 
    "phil_mean_max_error": 0.0056530991011706881, 
    "phil_mean_spmv_time": 0.0046094894409179762, 
    "phil_mean_time": 0.013045190613555907
}