{
    "oski_mean_max_error": 0.0044285761754293542, 
    "oski_mean_spmv_time": 0.0046094894409179762, 
    "oski_mean_time": 0.06165911113800049, 
    "phil_mean_max_error": 0.0057291674144890458, 
    "phil_mean_spmv_time": 0.0046094894409179762, 
    "phil_mean_time": 0.013372529145660401
}