{
    "oski_mean_max_error": 0.0046000865657552228, 
    "oski_mean_spmv_time": 0.0046094894409179762, 
    "oski_mean_time": 0.06139729022796631, 
    "phil_mean_max_error": 0.0047769662773575793, 
    "phil_mean_spmv_time": 0.0046094894409179762, 
    "phil_mean_time": 0.01718717882949829
}