{
    "oski_mean_max_error": 0.0031797826028472174, 
    "oski_mean_spmv_time": 0.0016102419499999996, 
    "oski_mean_time": 0.02113412742, 
    "phil_mean_max_error": 0.0027278760828470532, 
    "phil_mean_spmv_time": 0.0016102419499999996, 
    "phil_mean_time": 0.007292624940000001, 
    "pphil_mean_max_error": 0.0027351826303853425, 
    "pphil_mean_spmv_time": 0.0016102419499999996, 
    "pphil_mean_time": 0.00148854845
}