{
    "oski_mean_max_error": 0.0031587051247954738, 
    "oski_mean_spmv_time": 0.0012039804458618139, 
    "oski_mean_time": 0.018158170259552003, 
    "phil_mean_max_error": 0.002495292331188231, 
    "phil_mean_spmv_time": 0.0012039804458618139, 
    "phil_mean_time": 0.009092540080566407
}