{
    "oski_mean_max_error": 0.0031094775535054102, 
    "oski_mean_spmv_time": 0.0012039804458618139, 
    "oski_mean_time": 0.018177790406951902, 
    "phil_mean_max_error": 0.0027436001338827076, 
    "phil_mean_spmv_time": 0.0012039804458618139, 
    "phil_mean_time": 0.008988120650787353
}