{
    "oski_mean_max_error": 0.01952486146191711, 
    "oski_mean_spmv_time": 0.021081440740000228, 
    "oski_mean_time": 0.050811961147000005, 
    "phil_mean_max_error": 0.0017720837513790647, 
    "phil_mean_spmv_time": 0.021081440740000228, 
    "phil_mean_time": 0.009069199936, 
    "pphil_mean_max_error": 0.0020209978657479686, 
    "pphil_mean_spmv_time": 0.021081440740000228, 
    "pphil_mean_time": 0.001255187711
}