{
    "oski_mean_max_error": 0.01464406342468378, 
    "oski_mean_spmv_time": 0.027561857139999965, 
    "oski_mean_time": 0.0508905065, 
    "phil_mean_max_error": 0.0028098524744872072, 
    "phil_mean_spmv_time": 0.027561857139999965, 
    "phil_mean_time": 0.00981360402, 
    "pphil_mean_max_error": 0.0026278252603467388, 
    "pphil_mean_spmv_time": 0.027561857139999965, 
    "pphil_mean_time": 0.00176245053
}