{
    "oski_mean_max_error": 0.013884918730277728, 
    "oski_mean_spmv_time": 0.021081440739999985, 
    "oski_mean_time": 0.052415692640000004, 
    "phil_mean_max_error": 0.0027655366912208469, 
    "phil_mean_spmv_time": 0.021081440739999985, 
    "phil_mean_time": 0.00976281948, 
    "pphil_mean_max_error": 0.0029734974929712817, 
    "pphil_mean_spmv_time": 0.021081440739999985, 
    "pphil_mean_time": 0.00205525288
}