{
    "oski_mean_max_error": 0.0028521932940458539, 
    "oski_mean_spmv_time": 0.0069575810432434019, 
    "oski_mean_time": 0.06306564969024658, 
    "phil_mean_max_error": 0.0082539717235132967, 
    "phil_mean_spmv_time": 0.0069575810432434019, 
    "phil_mean_time": 0.008655679398040772
}