{
    "oski_mean_max_error": 0.0033324516324272015, 
    "oski_mean_spmv_time": 0.0042354798316955487, 
    "oski_mean_time": 0.06443917072067261, 
    "phil_mean_max_error": 0.0085321259587486688, 
    "phil_mean_spmv_time": 0.0040901017189025803, 
    "phil_mean_time": 0.014524239605255127
}