{
    "oski_mean_max_error": 0.023790718295741194, 
    "oski_mean_spmv_time": 0.0054792189598083466, 
    "oski_mean_time": 0.0743908606791687, 
    "phil_mean_max_error": 0.008677970716540714, 
    "phil_mean_spmv_time": 0.0054792189598083466, 
    "phil_mean_time": 0.0155718511227417
}