{
    "oski_mean_max_error": 0.025017085235629958, 
    "oski_mean_spmv_time": 0.0029220294952392546, 
    "oski_mean_time": 0.06140231103042603, 
    "phil_mean_max_error": 0.043849102485669353, 
    "phil_mean_spmv_time": 0.0029220294952392546, 
    "phil_mean_time": 0.0011603198509216317
}