{
    "oski_mean_max_error": 0.0115288142540387, 
    "oski_mean_spmv_time": 0.00083908081054687297, 
    "oski_mean_time": 0.02965948975128174, 
    "phil_mean_max_error": 0.007785758347209357, 
    "phil_mean_spmv_time": 0.00083908081054687297, 
    "phil_mean_time": 0.015245109521636964
}