{
    "oski_mean_max_error": 0.01024374369630507, 
    "oski_mean_spmv_time": 0.00083908081054687297, 
    "oski_mean_time": 0.029946790573272705, 
    "phil_mean_max_error": 0.037748303510800864, 
    "phil_mean_spmv_time": 0.00083908081054687297, 
    "phil_mean_time": 0.0012576689424133303
}