{
    "oski_mean_max_error": 0.010233187848595586, 
    "oski_mean_spmv_time": 0.0015967702865600591, 
    "oski_mean_time": 0.02442802077484131, 
    "phil_mean_max_error": 0.0068526681229099592, 
    "phil_mean_spmv_time": 0.0015967702865600591, 
    "phil_mean_time": 0.015776669543914795
}