{
    "oski_mean_max_error": 0.010560058680974014, 
    "oski_mean_spmv_time": 0.0016536998748779288, 
    "oski_mean_time": 0.025724969162902834, 
    "phil_mean_max_error": 0.0068539355769535537, 
    "phil_mean_spmv_time": 0.0016536998748779288, 
    "phil_mean_time": 0.011743761180419922
}