{
    "oski_mean_max_error": 0.01054488739060796, 
    "oski_mean_spmv_time": 0.0016102181500000003, 
    "oski_mean_time": 0.02745282191, 
    "phil_mean_max_error": 0.0076446732177903719, 
    "phil_mean_spmv_time": 0.0016102181500000003, 
    "phil_mean_time": 0.00966716078, 
    "pphil_mean_max_error": 0.0075392163677175895, 
    "pphil_mean_spmv_time": 0.0016102181500000003, 
    "pphil_mean_time": 0.00206555469
}