{
    "oski_mean_max_error": 0.0095653221972389277, 
    "oski_mean_spmv_time": 0.0016322112083435043, 
    "oski_mean_time": 0.029500449708557128, 
    "phil_mean_max_error": 0.0066408598859432778, 
    "phil_mean_spmv_time": 0.0016322112083435043, 
    "phil_mean_time": 0.011922800615386964
}