{
    "oski_mean_max_error": 0.0085928489879969778, 
    "oski_mean_spmv_time": 0.0016424460199999963, 
    "oski_mean_time": 0.024987070870000003, 
    "phil_mean_max_error": 0.0058185818355273138, 
    "phil_mean_spmv_time": 0.0016424460199999963, 
    "phil_mean_time": 0.00913007012, 
    "pphil_mean_max_error": 0.005847071807518681, 
    "pphil_mean_spmv_time": 0.0016424460199999963, 
    "pphil_mean_time": 0.00209280645
}