{
    "oski_mean_max_error": 0.0078886350142850468, 
    "oski_mean_spmv_time": 0.0016424460199999788, 
    "oski_mean_time": 0.025989322757, 
    "phil_mean_max_error": 0.011835942387122008, 
    "phil_mean_spmv_time": 0.0016424460199999788, 
    "phil_mean_time": 0.009087932679, 
    "pphil_mean_max_error": 0.0047878443669528165, 
    "pphil_mean_spmv_time": 0.0016424460199999788, 
    "pphil_mean_time": 0.0011791828740000002
}