{
    "oski_mean_max_error": 0.010596656153226604, 
    "oski_mean_spmv_time": 0.0015967702865600591, 
    "oski_mean_time": 0.02484915980316162, 
    "phil_mean_max_error": 0.0069646062262030319, 
    "phil_mean_spmv_time": 0.0015967702865600591, 
    "phil_mean_time": 0.011941870924072267
}