{
    "oski_mean_max_error": 0.22735595549196794, 
    "oski_mean_spmv_time": 0.0011014023862000021, 
    "oski_mean_time": 0.007129529320000001, 
    "phil_mean_max_error": 0.008021247100793551, 
    "phil_mean_spmv_time": 0.0010959661600000023, 
    "phil_mean_time": 0.01014795552, 
    "pphil_mean_max_error": 0.008836938730866788, 
    "pphil_mean_spmv_time": 0.0010959661600000023, 
    "pphil_mean_time": 0.00217336565
}