{
    "oski_mean_max_error": 0.21705526524957844, 
    "oski_mean_spmv_time": 0.0010920788299999783, 
    "oski_mean_time": 0.007119703017000001, 
    "phil_mean_max_error": 0.005869895993659619, 
    "phil_mean_spmv_time": 0.0010920788299999783, 
    "phil_mean_time": 0.009901376051, 
    "pphil_mean_max_error": 0.012254390726467956, 
    "pphil_mean_spmv_time": 0.0010920788299999783, 
    "pphil_mean_time": 0.0013574700550000002
}