{
    "oski_mean_max_error": 0.15286409282908445, 
    "oski_mean_spmv_time": 0.0010920788299999987, 
    "oski_mean_time": 0.00709631078, 
    "phil_mean_max_error": 0.0052021379542349037, 
    "phil_mean_spmv_time": 0.0010920788299999987, 
    "phil_mean_time": 0.00988119307, 
    "pphil_mean_max_error": 0.0070520316776061399, 
    "pphil_mean_spmv_time": 0.0010920788299999987, 
    "pphil_mean_time": 0.00237297269
}