{
    "oski_mean_max_error": 0.01897344554521534, 
    "oski_mean_spmv_time": 0.00024089097976684549, 
    "oski_mean_time": 0.007238240292358399, 
    "phil_mean_max_error": 0.0075521775957276905, 
    "phil_mean_spmv_time": 0.00024089097976684549, 
    "phil_mean_time": 0.012207701049194336
}