{
    "oski_mean_max_error": 0.23847313821640648, 
    "oski_mean_spmv_time": 0.0011203847885131834, 
    "oski_mean_time": 0.006258340092315674, 
    "phil_mean_max_error": 0.0077523296799370265, 
    "phil_mean_spmv_time": 0.0011080503463745117, 
    "phil_mean_time": 0.01204142022994995
}