{
    "oski_mean_max_error": 0.23141212172977596, 
    "oski_mean_spmv_time": 0.0011203847885131834, 
    "oski_mean_time": 0.0063076095629882815, 
    "phil_mean_max_error": 0.0076814121018261372, 
    "phil_mean_spmv_time": 0.0011080503463745117, 
    "phil_mean_time": 0.012131810551452637
}