{
    "oski_mean_max_error": 0.22956406372870242, 
    "oski_mean_spmv_time": 0.0009883238077163705, 
    "oski_mean_time": 0.006373369304962157, 
    "phil_mean_max_error": 0.0075915433619891583, 
    "phil_mean_spmv_time": 0.00095338106155395594, 
    "phil_mean_time": 0.012083249059143066
}