{
    "oski_mean_max_error": 0.21591109438775333, 
    "oski_mean_spmv_time": 0.0011157593727111816, 
    "oski_mean_time": 0.006223899532775879, 
    "phil_mean_max_error": 0.0083430552715893919, 
    "phil_mean_spmv_time": 0.0011080503463745117, 
    "phil_mean_time": 0.010739549340667724
}