{
    "oski_mean_max_error": 0.018999941884557746, 
    "oski_mean_spmv_time": 0.00024089097976684549, 
    "oski_mean_time": 0.007192920696105958, 
    "phil_mean_max_error": 0.036332097209122477, 
    "phil_mean_spmv_time": 0.00024089097976684549, 
    "phil_mean_time": 0.0005372904922485355
}