{
    "oski_mean_max_error": 0.22572338782384599, 
    "oski_mean_spmv_time": 0.0011108148472999987, 
    "oski_mean_time": 0.00701013985, 
    "phil_mean_max_error": 0.0086576401127352719, 
    "phil_mean_spmv_time": 0.0010920788299999987, 
    "phil_mean_time": 0.00991328024, 
    "pphil_mean_max_error": 0.0086003455551585655, 
    "pphil_mean_spmv_time": 0.0010920788299999987, 
    "pphil_mean_time": 0.0018430476600000002
}