{
    "oski_mean_max_error": 0.22614348499988335, 
    "oski_mean_spmv_time": 0.0012457090322999995, 
    "oski_mean_time": 0.00636788806, 
    "phil_mean_max_error": 0.0085109144987865534, 
    "phil_mean_spmv_time": 0.0012303141999999991, 
    "phil_mean_time": 0.0099479178, 
    "pphil_mean_max_error": 0.0078385405069896687, 
    "pphil_mean_spmv_time": 0.0012303141999999991, 
    "pphil_mean_time": 0.00222447166
}