{
    "oski_mean_max_error": 0.0093666850909206421, 
    "oski_mean_spmv_time": 0.0027544879913330082, 
    "oski_mean_time": 0.0331481110810852, 
    "phil_mean_max_error": 0.0069806970896567301, 
    "phil_mean_spmv_time": 0.0027544879913330082, 
    "phil_mean_time": 0.011976500748291015
}