{
    "oski_mean_max_error": 0.010070412840219176, 
    "oski_mean_spmv_time": 0.0026737595558166518, 
    "oski_mean_time": 0.03311182992034912, 
    "phil_mean_max_error": 0.0064520750705738409, 
    "phil_mean_spmv_time": 0.0026610997200012198, 
    "phil_mean_time": 0.011965589845886231
}