{
    "oski_mean_max_error": 0.0097177902320417439, 
    "oski_mean_spmv_time": 0.0026171213499999995, 
    "oski_mean_time": 0.034522031530000004, 
    "phil_mean_max_error": 0.0072592401133214765, 
    "phil_mean_spmv_time": 0.0026171213499999995, 
    "phil_mean_time": 0.00977343807, 
    "pphil_mean_max_error": 0.0073049332899416085, 
    "pphil_mean_spmv_time": 0.0026171213499999995, 
    "pphil_mean_time": 0.00194036596
}