{
    "oski_mean_max_error": 0.0092912995628984876, 
    "oski_mean_spmv_time": 0.0025984704500000007, 
    "oski_mean_time": 0.03730903658, 
    "phil_mean_max_error": 0.0075594026303085135, 
    "phil_mean_spmv_time": 0.0025984704500000007, 
    "phil_mean_time": 0.00975052513, 
    "pphil_mean_max_error": 0.0074596425735934625, 
    "pphil_mean_spmv_time": 0.0025984704500000007, 
    "pphil_mean_time": 0.0017527141800000002
}