{
    "oski_mean_max_error": 0.0099510022356229886, 
    "oski_mean_spmv_time": 0.0026726086616516119, 
    "oski_mean_time": 0.03321423036773682, 
    "phil_mean_max_error": 0.0070347473953515901, 
    "phil_mean_spmv_time": 0.0026541943550109862, 
    "phil_mean_time": 0.012296651084747314
}