{
    "oski_mean_max_error": 0.0095687833187207, 
    "oski_mean_spmv_time": 0.002680664920806887, 
    "oski_mean_time": 0.033203380817565915, 
    "phil_mean_max_error": 0.0058204876559365083, 
    "phil_mean_spmv_time": 0.0026541943550109858, 
    "phil_mean_time": 0.01578125021209717
}