{
    "oski_mean_max_error": 0.0099396160277112067, 
    "oski_mean_spmv_time": 0.0026747111460000022, 
    "oski_mean_time": 0.037388253680000004, 
    "phil_mean_max_error": 0.0068234428716249743, 
    "phil_mean_spmv_time": 0.0026777560300000024, 
    "phil_mean_time": 0.00970059463, 
    "pphil_mean_max_error": 0.0074970636595987298, 
    "pphil_mean_spmv_time": 0.0026777560300000024, 
    "pphil_mean_time": 0.00155468365
}