{
    "oski_mean_max_error": 0.0097119025971650706, 
    "oski_mean_spmv_time": 0.0046213412284851173, 
    "oski_mean_time": 0.06540490912887574, 
    "phil_mean_max_error": 0.0073794831604060288, 
    "phil_mean_spmv_time": 0.0046213412284851173, 
    "phil_mean_time": 0.014864609691314696
}