{
    "oski_mean_max_error": 0.010175761610818783, 
    "oski_mean_spmv_time": 0.0046116995811462521, 
    "oski_mean_time": 0.05208473023651124, 
    "phil_mean_max_error": 0.0078093562713882547, 
    "phil_mean_spmv_time": 0.0046116995811462521, 
    "phil_mean_time": 0.009958630834350586
}