{
    "oski_mean_max_error": 0.0019917707236194455, 
    "oski_mean_spmv_time": 0.021302506659999745, 
    "oski_mean_time": 0.377398795677, 
    "phil_mean_max_error": 0.005833674412667007, 
    "phil_mean_spmv_time": 0.021302506659999745, 
    "phil_mean_time": 0.007751117841, 
    "pphil_mean_max_error": 0.0035712847688875726, 
    "pphil_mean_spmv_time": 0.021302506659999745, 
    "pphil_mean_time": 0.001002337555
}