{
    "oski_mean_max_error": 0.0016116992045706673, 
    "oski_mean_spmv_time": 0.02114274071000001, 
    "oski_mean_time": 0.3773953311, 
    "phil_mean_max_error": 0.0044776072279343222, 
    "phil_mean_spmv_time": 0.02114274071000001, 
    "phil_mean_time": 0.00913456357, 
    "pphil_mean_max_error": 0.0045007611160375023, 
    "pphil_mean_spmv_time": 0.02114274071000001, 
    "pphil_mean_time": 0.00179428473
}