{
    "oski_mean_max_error": 0.0044427410606594922, 
    "oski_mean_spmv_time": 0.00084860086441039951, 
    "oski_mean_time": 0.01061488997695923, 
    "phil_mean_max_error": 0.0023985072238154877, 
    "phil_mean_spmv_time": 0.00084860086441039951, 
    "phil_mean_time": 0.012332899076080324
}