{
    "oski_mean_max_error": 0.0044187519319649161, 
    "oski_mean_spmv_time": 0.00084860086441039951, 
    "oski_mean_time": 0.010605580176239013, 
    "phil_mean_max_error": 0.0029294950332971899, 
    "phil_mean_spmv_time": 0.00084860086441039951, 
    "phil_mean_time": 0.008194490084381103
}