{
    "oski_mean_max_error": 0.0043991137505367331, 
    "oski_mean_spmv_time": 0.00087189912796020632, 
    "oski_mean_time": 0.010513959809417725, 
    "phil_mean_max_error": 0.0027172837172371213, 
    "phil_mean_spmv_time": 0.00087189912796020632, 
    "phil_mean_time": 0.009355059557800294
}