{
    "oski_mean_max_error": 0.0042130654587774459, 
    "oski_mean_spmv_time": 0.00084860086441039951, 
    "oski_mean_time": 0.010375519810028076, 
    "phil_mean_max_error": 0.002700298007233612, 
    "phil_mean_spmv_time": 0.00084860086441039951, 
    "phil_mean_time": 0.009120679635009767
}