{
    "oski_mean_max_error": 0.0045379918950185253, 
    "oski_mean_spmv_time": 0.00059710915999999922, 
    "oski_mean_time": 0.0125172396, 
    "phil_mean_max_error": 0.0030189493756643481, 
    "phil_mean_spmv_time": 0.00059710915999999922, 
    "phil_mean_time": 0.007536570840000001, 
    "pphil_mean_max_error": 0.0027837750853931696, 
    "pphil_mean_spmv_time": 0.00059710915999999922, 
    "pphil_mean_time": 0.00156813775
}