{
    "oski_mean_max_error": 0.0053883777382250512, 
    "oski_mean_spmv_time": 0.0083895416200000187, 
    "oski_mean_time": 0.11076393327, 
    "phil_mean_max_error": 0.0069496371469695509, 
    "phil_mean_spmv_time": 0.0083895416200000187, 
    "phil_mean_time": 0.01299576324, 
    "pphil_mean_max_error": 0.0073591489675171283, 
    "pphil_mean_spmv_time": 0.0083895416200000187, 
    "pphil_mean_time": 0.0024633931
}