{
    "oski_mean_max_error": 0.0049190420210974105, 
    "oski_mean_spmv_time": 0.0086492609977721971, 
    "oski_mean_time": 0.10626020973861694, 
    "phil_mean_max_error": 0.0068449135102603611, 
    "phil_mean_spmv_time": 0.0086492609977721971, 
    "phil_mean_time": 0.016112220404815674
}