{
    "oski_mean_max_error": 0.0054559092961320643, 
    "oski_mean_spmv_time": 0.0084237313270568732, 
    "oski_mean_time": 0.1002910793800354, 
    "phil_mean_max_error": 0.0066194999923186925, 
    "phil_mean_spmv_time": 0.0084237313270568732, 
    "phil_mean_time": 0.01623722915710449
}