{
    "oski_mean_max_error": 0.0035524441522958067, 
    "oski_mean_spmv_time": 0.0077927039699999135, 
    "oski_mean_time": 0.10209122325400001, 
    "phil_mean_max_error": 0.0021737446249244061, 
    "phil_mean_spmv_time": 0.0077927039699999135, 
    "phil_mean_time": 0.012307703317, 
    "pphil_mean_max_error": 0.0037885520296328085, 
    "pphil_mean_spmv_time": 0.0077927039699999135, 
    "pphil_mean_time": 0.001545554874
}