{
    "oski_mean_max_error": 0.0049065038308244427, 
    "oski_mean_spmv_time": 0.0076847403699999992, 
    "oski_mean_time": 0.10339966206000001, 
    "phil_mean_max_error": 0.0073421821565348069, 
    "phil_mean_spmv_time": 0.0076847403699999992, 
    "phil_mean_time": 0.01310039374, 
    "pphil_mean_max_error": 0.006980401158293824, 
    "pphil_mean_spmv_time": 0.0076847403699999992, 
    "pphil_mean_time": 0.00239528718
}