{
    "oski_mean_max_error": 0.0029447529952509243, 
    "oski_mean_spmv_time": 0.0028296216099999998, 
    "oski_mean_time": 0.042475836249999996, 
    "phil_mean_max_error": 0.01009569010497618, 
    "phil_mean_spmv_time": 0.0028296216099999998, 
    "phil_mean_time": 0.00812966823, 
    "pphil_mean_max_error": 0.011532956196668604, 
    "pphil_mean_spmv_time": 0.0028296216099999998, 
    "pphil_mean_time": 0.00162100911
}