{
    "oski_mean_max_error": 0.0033220368992531936, 
    "oski_mean_spmv_time": 0.0050794696807861407, 
    "oski_mean_time": 0.03683956968078613, 
    "phil_mean_max_error": 0.01048035633412479, 
    "phil_mean_spmv_time": 0.0050794696807861407, 
    "phil_mean_time": 0.010265850683746337
}