{
    "oski_mean_max_error": 0.0029929651167484189, 
    "oski_mean_spmv_time": 0.0050794696807861407, 
    "oski_mean_time": 0.03670578986846924, 
    "phil_mean_max_error": 0.0090679520084537696, 
    "phil_mean_spmv_time": 0.0050794696807861407, 
    "phil_mean_time": 0.013708499190979004
}