{
    "oski_mean_max_error": 0.0012900092019875733, 
    "oski_mean_spmv_time": 0.0028296216099999998, 
    "oski_mean_time": 0.03981177524000001, 
    "phil_mean_max_error": 0.0096743528382147153, 
    "phil_mean_spmv_time": 0.0028296216099999998, 
    "phil_mean_time": 0.007082426420000001, 
    "pphil_mean_max_error": 0.010639866881740782, 
    "pphil_mean_spmv_time": 0.0028296216099999998, 
    "pphil_mean_time": 0.00172917208
}