{
    "oski_mean_max_error": 0.0006620301156073133, 
    "oski_mean_spmv_time": 0.0028296216100000713, 
    "oski_mean_time": 0.039789009262, 
    "phil_mean_max_error": 0.004795964497755453, 
    "phil_mean_spmv_time": 0.0028296216100000713, 
    "phil_mean_time": 0.007008089336, 
    "pphil_mean_max_error": 0.013611699620392334, 
    "pphil_mean_spmv_time": 0.0028296216100000713, 
    "pphil_mean_time": 0.0010103204570000002
}