{
    "oski_mean_max_error": 0.0034033110125023091, 
    "oski_mean_spmv_time": 0.0071069192886352639, 
    "oski_mean_time": 0.10155893990295412, 
    "phil_mean_max_error": 0.0040235171104579239, 
    "phil_mean_spmv_time": 0.0071069192886352639, 
    "phil_mean_time": 0.011428029801788331
}