{
    "oski_mean_max_error": 0.0034009056406768246, 
    "oski_mean_spmv_time": 0.0077126988700000065, 
    "oski_mean_time": 0.11940103974, 
    "phil_mean_max_error": 0.0038299000387254207, 
    "phil_mean_spmv_time": 0.0077126988700000065, 
    "phil_mean_time": 0.00906740371, 
    "pphil_mean_max_error": 0.0040613057326626114, 
    "pphil_mean_spmv_time": 0.0077126988700000065, 
    "pphil_mean_time": 0.0018308770300000002
}