{
    "oski_mean_max_error": 0.0038332866235548835, 
    "oski_mean_spmv_time": 0.004370000362396249, 
    "oski_mean_time": 0.09167655003173827, 
    "phil_mean_max_error": 0.021975342426002398, 
    "phil_mean_spmv_time": 0.004370000362396249, 
    "phil_mean_time": 0.0011236507891845705
}