{
    "oski_mean_max_error": 0.0034468945490915754, 
    "oski_mean_spmv_time": 0.0079233908653259227, 
    "oski_mean_time": 0.0982397006513977, 
    "phil_mean_max_error": 0.003730105141162769, 
    "phil_mean_spmv_time": 0.0079233908653259227, 
    "phil_mean_time": 0.011318459447479248
}