{
    "oski_mean_max_error": 0.0070825382974003233, 
    "oski_mean_spmv_time": 0.0085138994000000176, 
    "oski_mean_time": 0.11911910610000001, 
    "phil_mean_max_error": 0.0046157155026444905, 
    "phil_mean_spmv_time": 0.0085138994000000176, 
    "phil_mean_time": 0.00777563961, 
    "pphil_mean_max_error": 0.0064985792347661085, 
    "pphil_mean_spmv_time": 0.0085138994000000176, 
    "pphil_mean_time": 0.00187057412
}