{
    "oski_mean_max_error": 0.0034452512472352959, 
    "oski_mean_spmv_time": 0.0071069192886352639, 
    "oski_mean_time": 0.10180733893646239, 
    "phil_mean_max_error": 0.0033965307257021347, 
    "phil_mean_spmv_time": 0.0071069192886352639, 
    "phil_mean_time": 0.01522376052520752
}