{
    "oski_mean_max_error": 0.0035748369969125925, 
    "oski_mean_spmv_time": 0.0071069192886352639, 
    "oski_mean_time": 0.10206192938232421, 
    "phil_mean_max_error": 0.003961309009348676, 
    "phil_mean_spmv_time": 0.0071069192886352639, 
    "phil_mean_time": 0.011523781107635498
}