{
    "oski_mean_max_error": 0.0032351159078707454, 
    "oski_mean_spmv_time": 0.0084745891199999885, 
    "oski_mean_time": 0.11513434911, 
    "phil_mean_max_error": 0.0042461130255378489, 
    "phil_mean_spmv_time": 0.0084745891199999885, 
    "phil_mean_time": 0.00913826803, 
    "pphil_mean_max_error": 0.004303866480219732, 
    "pphil_mean_spmv_time": 0.0084745891199999885, 
    "pphil_mean_time": 0.00186765713
}