{
    "oski_mean_max_error": 0.011795593712908559, 
    "oski_mean_spmv_time": 0.0061924927299999996, 
    "oski_mean_time": 0.02857161457, 
    "phil_mean_max_error": 0.0014935054613968775, 
    "phil_mean_spmv_time": 0.0061924927299999996, 
    "phil_mean_time": 0.00928445755, 
    "pphil_mean_max_error": 0.0014314933804709326, 
    "pphil_mean_spmv_time": 0.0061924927299999996, 
    "pphil_mean_time": 0.0014509940400000002
}