{
    "oski_mean_max_error": 0.012167739148589717, 
    "oski_mean_spmv_time": 0.0065378689765930274, 
    "oski_mean_time": 0.026605809688568117, 
    "phil_mean_max_error": 0.0011969166481494249, 
    "phil_mean_spmv_time": 0.0065378689765930274, 
    "phil_mean_time": 0.015125079045715332
}