{
    "oski_mean_max_error": 0.012100161355887522, 
    "oski_mean_spmv_time": 0.0065378689765930274, 
    "oski_mean_time": 0.02714244023849487, 
    "phil_mean_max_error": 0.0013881885600265775, 
    "phil_mean_spmv_time": 0.0065378689765930274, 
    "phil_mean_time": 0.011378300616607667
}