{
    "oski_mean_max_error": 0.010867843039782584, 
    "oski_mean_spmv_time": 0.0065378689765930274, 
    "oski_mean_time": 0.03316009094680786, 
    "phil_mean_max_error": 0.0012858117298675204, 
    "phil_mean_spmv_time": 0.0065378689765930274, 
    "phil_mean_time": 0.011390408828887939
}