{
    "oski_mean_max_error": 0.0096099234461479999, 
    "oski_mean_spmv_time": 0.0015970871899999737, 
    "oski_mean_time": 0.026609006811, 
    "phil_mean_max_error": 0.0055335192880293328, 
    "phil_mean_spmv_time": 0.0015970871899999737, 
    "phil_mean_time": 0.006560773891, 
    "pphil_mean_max_error": 0.0067944133098195511, 
    "pphil_mean_spmv_time": 0.0015970871899999737, 
    "pphil_mean_time": 0.0012573890860000001
}