{
    "oski_mean_max_error": 0.0054703708665436159, 
    "oski_mean_spmv_time": 0.0017206096649169938, 
    "oski_mean_time": 0.023446069722137454, 
    "phil_mean_max_error": 0.0065234452834741349, 
    "phil_mean_spmv_time": 0.0017206096649169938, 
    "phil_mean_time": 0.011016929586181641
}