{
    "oski_mean_max_error": 0.0049974813602045613, 
    "oski_mean_spmv_time": 0.0014872887399999994, 
    "oski_mean_time": 0.02618337871, 
    "phil_mean_max_error": 0.0080337223143315678, 
    "phil_mean_spmv_time": 0.0014872887399999994, 
    "phil_mean_time": 0.00672432307, 
    "pphil_mean_max_error": 0.0083056227609390014, 
    "pphil_mean_spmv_time": 0.0014872887399999994, 
    "pphil_mean_time": 0.0015899935700000002
}