{
    "oski_mean_max_error": 0.0087207639059912051, 
    "oski_mean_spmv_time": 0.0010726618766784682, 
    "oski_mean_time": 0.02263734932144165, 
    "phil_mean_max_error": 0.039069383286621705, 
    "phil_mean_spmv_time": 0.0010726618766784682, 
    "phil_mean_time": 0.001087849255218506
}