{
    "oski_mean_max_error": 0.0054139182275679812, 
    "oski_mean_spmv_time": 0.0015900492668151883, 
    "oski_mean_time": 0.022504409857177735, 
    "phil_mean_max_error": 0.0074975177746924374, 
    "phil_mean_spmv_time": 0.0015900492668151883, 
    "phil_mean_time": 0.008143189035949707
}