{
    "oski_mean_max_error": 0.0078578307380381737, 
    "oski_mean_spmv_time": 0.0015970871900000019, 
    "oski_mean_time": 0.02682395074, 
    "phil_mean_max_error": 0.0057487951848308452, 
    "phil_mean_spmv_time": 0.0015970871900000019, 
    "phil_mean_time": 0.00724328384, 
    "pphil_mean_max_error": 0.0063044753449037153, 
    "pphil_mean_spmv_time": 0.0015970871900000019, 
    "pphil_mean_time": 0.0014559131599999999
}