{
    "oski_mean_max_error": 0.0085571593256564289, 
    "oski_mean_spmv_time": 0.0010726618766784682, 
    "oski_mean_time": 0.022629059360046385, 
    "phil_mean_max_error": 0.0070967660847920553, 
    "phil_mean_spmv_time": 0.0010726618766784682, 
    "phil_mean_time": 0.013412968816223145
}