{
    "oski_mean_max_error": 0.0055074553462380483, 
    "oski_mean_spmv_time": 0.0063987708091735821, 
    "oski_mean_time": 0.1516426404612732, 
    "phil_mean_max_error": 0.038773800065747703, 
    "phil_mean_spmv_time": 0.0063923789978027326, 
    "phil_mean_time": 0.0012586409898376466
}