{
    "oski_mean_max_error": 0.0050344226974738783, 
    "oski_mean_spmv_time": 0.010965230464935274, 
    "oski_mean_time": 0.1357000808518982, 
    "phil_mean_max_error": 0.007436113114790182, 
    "phil_mean_spmv_time": 0.010965230464935274, 
    "phil_mean_time": 0.014037049232025147
}