{
    "oski_mean_max_error": 0.0054192313841480363, 
    "oski_mean_spmv_time": 0.010975661277770967, 
    "oski_mean_time": 0.13835776015960694, 
    "phil_mean_max_error": 0.007431414598437016, 
    "phil_mean_spmv_time": 0.010975661277770967, 
    "phil_mean_time": 0.014385519603576662
}