{
    "oski_mean_max_error": 0.0054144351418211377, 
    "oski_mean_spmv_time": 0.011006302408000004, 
    "oski_mean_time": 0.15275815479, 
    "phil_mean_max_error": 0.0073257989654134971, 
    "phil_mean_spmv_time": 0.011001660097000003, 
    "phil_mean_time": 0.01147987427, 
    "pphil_mean_max_error": 0.0079042920966402481, 
    "pphil_mean_spmv_time": 0.011024871652000012, 
    "pphil_mean_time": 0.00218136664
}