{
    "oski_mean_max_error": 0.004881348620938108, 
    "oski_mean_spmv_time": 0.010965230464935274, 
    "oski_mean_time": 0.138686589757843, 
    "phil_mean_max_error": 0.007122859189081605, 
    "phil_mean_spmv_time": 0.010965230464935274, 
    "phil_mean_time": 0.014474641036376953
}