{
    "oski_mean_max_error": 0.0044933810426955332, 
    "oski_mean_spmv_time": 0.011154856360000003, 
    "oski_mean_time": 0.14322598018000002, 
    "phil_mean_max_error": 0.0060863435256105049, 
    "phil_mean_spmv_time": 0.011154856360000003, 
    "phil_mean_time": 0.01074568023, 
    "pphil_mean_max_error": 0.011259686852001216, 
    "pphil_mean_spmv_time": 0.010922740810000008, 
    "pphil_mean_time": 0.0016307711500000003
}