{
    "oski_mean_max_error": 0.0051283555442223228, 
    "oski_mean_spmv_time": 0.010825305929999989, 
    "oski_mean_time": 0.1524114422, 
    "phil_mean_max_error": 0.0077527266736247069, 
    "phil_mean_spmv_time": 0.010825305929999989, 
    "phil_mean_time": 0.0114930018, 
    "pphil_mean_max_error": 0.0079620755983380101, 
    "pphil_mean_spmv_time": 0.010825305929999989, 
    "pphil_mean_time": 0.00200182106
}