{
    "oski_mean_max_error": 0.0052440949576900951, 
    "oski_mean_spmv_time": 0.010965230464935274, 
    "oski_mean_time": 0.13578476061035155, 
    "phil_mean_max_error": 0.0061490468168635655, 
    "phil_mean_spmv_time": 0.010965230464935274, 
    "phil_mean_time": 0.019371160462493896
}