{
    "oski_mean_max_error": 0.0054198809810284089, 
    "oski_mean_spmv_time": 0.010922740810000156, 
    "oski_mean_time": 0.142533749821, 
    "phil_mean_max_error": 0.0093894817333149555, 
    "phil_mean_spmv_time": 0.010922740810000156, 
    "phil_mean_time": 0.01040443156, 
    "pphil_mean_max_error": 0.0060217577771890449, 
    "pphil_mean_spmv_time": 0.010922740810000156, 
    "pphil_mean_time": 0.001358881038
}