{
    "oski_mean_max_error": 0.0057481405528144371, 
    "oski_mean_spmv_time": 0.0063987708091735821, 
    "oski_mean_time": 0.1521051109324646, 
    "phil_mean_max_error": 0.0074537216340160254, 
    "phil_mean_spmv_time": 0.0063987708091735821, 
    "phil_mean_time": 0.016308869537963865
}