{
    "oski_mean_max_error": 0.012293334432284619, 
    "oski_mean_spmv_time": 0.0016065185799999965, 
    "oski_mean_time": 0.02439791125, 
    "phil_mean_max_error": 0.0095310192228489337, 
    "phil_mean_spmv_time": 0.0016065185799999965, 
    "phil_mean_time": 0.009334218200000001, 
    "pphil_mean_max_error": 0.015084009302736854, 
    "pphil_mean_spmv_time": 0.0016065185799999965, 
    "pphil_mean_time": 0.00218866657
}