{
    "oski_mean_max_error": 0.012379927987853884, 
    "oski_mean_spmv_time": 0.0017083706300000017, 
    "oski_mean_time": 0.025966003690000003, 
    "phil_mean_max_error": 0.0061311601626435671, 
    "phil_mean_spmv_time": 0.0017083706300000017, 
    "phil_mean_time": 0.010017373760000002, 
    "pphil_mean_max_error": 0.006241193610698954, 
    "pphil_mean_spmv_time": 0.0017083706300000017, 
    "pphil_mean_time": 0.00187437451
}