{
    "oski_mean_max_error": 0.012847666181199362, 
    "oski_mean_spmv_time": 0.0017053008079528824, 
    "oski_mean_time": 0.023401020303039553, 
    "phil_mean_max_error": 0.0054663958997391224, 
    "phil_mean_spmv_time": 0.0017053008079528824, 
    "phil_mean_time": 0.012319680222167968
}