{
    "oski_mean_max_error": 0.015564804703247958, 
    "oski_mean_spmv_time": 0.0016065185800000321, 
    "oski_mean_time": 0.024617578311, 
    "phil_mean_max_error": 0.0031455753315981832, 
    "phil_mean_spmv_time": 0.0016065185800000321, 
    "phil_mean_time": 0.009291706830000001, 
    "pphil_mean_max_error": 0.0095116322954417395, 
    "pphil_mean_spmv_time": 0.0016065185800000321, 
    "pphil_mean_time": 0.001177892331
}