{
    "oski_mean_max_error": 0.012929517522002323, 
    "oski_mean_spmv_time": 0.0016136437899999998, 
    "oski_mean_time": 0.024114049550000002, 
    "phil_mean_max_error": 0.0061515224854542449, 
    "phil_mean_spmv_time": 0.0016136437899999998, 
    "phil_mean_time": 0.01010608446, 
    "pphil_mean_max_error": 0.0060380659397090072, 
    "pphil_mean_spmv_time": 0.0016136437899999998, 
    "pphil_mean_time": 0.00209981118
}