{
    "oski_mean_max_error": 0.046482115819904996, 
    "oski_mean_spmv_time": 0.0029862891674041804, 
    "oski_mean_time": 0.023776719162139894, 
    "phil_mean_max_error": 0.006118500259912567, 
    "phil_mean_spmv_time": 0.0029979395866394074, 
    "phil_mean_time": 0.014388619271697997
}