{
    "oski_mean_max_error": 0.058312737953045236, 
    "oski_mean_spmv_time": 0.003543127370000006, 
    "oski_mean_time": 0.02309027324, 
    "phil_mean_max_error": 0.0025320249612073354, 
    "phil_mean_spmv_time": 0.003543127370000006, 
    "phil_mean_time": 0.01104887788, 
    "pphil_mean_max_error": 0.0057298432529895747, 
    "pphil_mean_spmv_time": 0.003543127370000006, 
    "pphil_mean_time": 0.00200363973
}