{
    "oski_mean_max_error": 0.034101449775685785, 
    "oski_mean_spmv_time": 0.0037180669799999691, 
    "oski_mean_time": 0.025030464104, 
    "phil_mean_max_error": 0.00672032260566358, 
    "phil_mean_spmv_time": 0.0035431273699999617, 
    "phil_mean_time": 0.011124257927, 
    "pphil_mean_max_error": 0.0052757614909433315, 
    "pphil_mean_spmv_time": 0.0035431273699999617, 
    "pphil_mean_time": 0.0014126847960000003
}