{
    "oski_mean_max_error": 0.061594496542310265, 
    "oski_mean_spmv_time": 0.0028741730366000011, 
    "oski_mean_time": 0.023709604520000004, 
    "phil_mean_max_error": 0.0074083069985632945, 
    "phil_mean_spmv_time": 0.0027710603900000003, 
    "phil_mean_time": 0.011917083940000002, 
    "pphil_mean_max_error": 0.0065573292305589901, 
    "pphil_mean_spmv_time": 0.0027710603900000003, 
    "pphil_mean_time": 0.00179055037
}