{
    "oski_mean_max_error": 0.057706419794071852, 
    "oski_mean_spmv_time": 0.0029470683813095132, 
    "oski_mean_time": 0.023008070253753662, 
    "phil_mean_max_error": 0.0065430043128446268, 
    "phil_mean_spmv_time": 0.0029477114677429234, 
    "phil_mean_time": 0.014697269392547608
}