{
    "oski_mean_max_error": 0.067692293653183591, 
    "oski_mean_spmv_time": 0.0032216226302000028, 
    "oski_mean_time": 0.02546336399, 
    "phil_mean_max_error": 0.0062750636175994759, 
    "phil_mean_spmv_time": 0.0032195789896000021, 
    "phil_mean_time": 0.01188549678, 
    "pphil_mean_max_error": 0.0066149936588972081, 
    "pphil_mean_spmv_time": 0.0032257498576000027, 
    "pphil_mean_time": 0.00206511049
}