{
    "oski_mean_max_error": 0.020551733308076536, 
    "oski_mean_spmv_time": 0.00037851355000000065, 
    "oski_mean_time": 0.008085605440000001, 
    "phil_mean_max_error": 0.0052683699144810778, 
    "phil_mean_spmv_time": 0.00037851355000000065, 
    "phil_mean_time": 0.00805003914, 
    "pphil_mean_max_error": 0.0053128267291205743, 
    "pphil_mean_spmv_time": 0.00037851355000000065, 
    "pphil_mean_time": 0.0018644856600000001
}