{
    "oski_mean_max_error": 0.047956759416728632, 
    "oski_mean_spmv_time": 0.00037851355000000065, 
    "oski_mean_time": 0.007547939180000001, 
    "phil_mean_max_error": 0.011177586008628646, 
    "phil_mean_spmv_time": 0.00037851355000000065, 
    "phil_mean_time": 0.00821612941, 
    "pphil_mean_max_error": 0.0062050630223687529, 
    "pphil_mean_spmv_time": 0.00037851355000000065, 
    "pphil_mean_time": 0.00195471726
}