{
    "oski_mean_max_error": 0.019193168830964613, 
    "oski_mean_spmv_time": 0.00045466899871826117, 
    "oski_mean_time": 0.0071676889163208015, 
    "phil_mean_max_error": 0.0054000060271083231, 
    "phil_mean_spmv_time": 0.00045466899871826117, 
    "phil_mean_time": 0.010024869157409667
}