{
    "oski_mean_max_error": 0.019806846207910723, 
    "oski_mean_spmv_time": 0.00045466899871826117, 
    "oski_mean_time": 0.009204590548858643, 
    "phil_mean_max_error": 0.004874891071412593, 
    "phil_mean_spmv_time": 0.00045466899871826117, 
    "phil_mean_time": 0.013072658912506103
}