{
    "oski_mean_max_error": 0.019338337970281502, 
    "oski_mean_spmv_time": 0.00046890020370483378, 
    "oski_mean_time": 0.007438468821411133, 
    "phil_mean_max_error": 0.0050456744971390036, 
    "phil_mean_spmv_time": 0.00046890020370483378, 
    "phil_mean_time": 0.010022530307312013
}