{
    "oski_mean_max_error": 0.019723859617141671, 
    "oski_mean_spmv_time": 0.00033616847999999984, 
    "oski_mean_time": 0.007517604200000001, 
    "phil_mean_max_error": 0.0056192537087810636, 
    "phil_mean_spmv_time": 0.00033616847999999984, 
    "phil_mean_time": 0.00819980329, 
    "pphil_mean_max_error": 0.0054855221388424216, 
    "pphil_mean_spmv_time": 0.00033616847999999984, 
    "pphil_mean_time": 0.00159816665
}