{
    "oski_mean_max_error": 0.0023338313966118421, 
    "oski_mean_spmv_time": 0.0049227976999999925, 
    "oski_mean_time": 0.07305956279, 
    "phil_mean_max_error": 0.0075180329000427157, 
    "phil_mean_spmv_time": 0.0049227976999999925, 
    "phil_mean_time": 0.02053912962, 
    "pphil_mean_max_error": 0.0070531613377142902, 
    "pphil_mean_spmv_time": 0.0049227976999999925, 
    "pphil_mean_time": 0.0026512149300000004
}