{
    "oski_mean_max_error": 0.0024532574932227048, 
    "oski_mean_spmv_time": 0.0049202907900000028, 
    "oski_mean_time": 0.06671696381, 
    "phil_mean_max_error": 0.0067972738526647803, 
    "phil_mean_spmv_time": 0.0049202907900000028, 
    "phil_mean_time": 0.02063349901, 
    "pphil_mean_max_error": 0.0073576517588874232, 
    "pphil_mean_spmv_time": 0.0049202907900000028, 
    "pphil_mean_time": 0.00275447317
}