{
    "oski_mean_max_error": 0.0022459712566533616, 
    "oski_mean_spmv_time": 0.0048743987083434996, 
    "oski_mean_time": 0.06667226972549439, 
    "phil_mean_max_error": 0.0062775822974863796, 
    "phil_mean_spmv_time": 0.0048743987083434996, 
    "phil_mean_time": 0.023851631048736572
}