{
    "oski_mean_max_error": 0.002126209691569932, 
    "oski_mean_spmv_time": 0.0047507345900000128, 
    "oski_mean_time": 0.06701154570000001, 
    "phil_mean_max_error": 0.010934630797752696, 
    "phil_mean_spmv_time": 0.0047507345900000128, 
    "phil_mean_time": 0.020661333500000004, 
    "pphil_mean_max_error": 0.008547713037470421, 
    "pphil_mean_spmv_time": 0.0047507345900000128, 
    "pphil_mean_time": 0.00315285299
}