{
    "oski_mean_max_error": 0.00082372669737620842, 
    "oski_mean_spmv_time": 0.0047507345899999763, 
    "oski_mean_time": 0.066134144004, 
    "phil_mean_max_error": 0.0078200045293045934, 
    "phil_mean_spmv_time": 0.0047507345899999763, 
    "phil_mean_time": 0.020574805943000003, 
    "pphil_mean_max_error": 0.0062574750213393957, 
    "pphil_mean_spmv_time": 0.0047507345899999763, 
    "pphil_mean_time": 0.0023167945000000002
}