{
    "oski_mean_max_error": 0.0022473337291680083, 
    "oski_mean_spmv_time": 0.0048989796638488868, 
    "oski_mean_time": 0.07208540053421021, 
    "phil_mean_max_error": 0.0060481542808001089, 
    "phil_mean_spmv_time": 0.0048989796638488868, 
    "phil_mean_time": 0.02363316881286621
}