{
    "oski_mean_max_error": 0.0024383337497904012, 
    "oski_mean_spmv_time": 0.0047507345900000128, 
    "oski_mean_time": 0.07311281143000001, 
    "phil_mean_max_error": 0.0069279218072059497, 
    "phil_mean_spmv_time": 0.0047507345900000128, 
    "phil_mean_time": 0.020668066920000002, 
    "pphil_mean_max_error": 0.0068820053442901607, 
    "pphil_mean_spmv_time": 0.0047507345900000128, 
    "pphil_mean_time": 0.0030825034600000002
}