{
    "oski_mean_max_error": 0.0024191685250290469, 
    "oski_mean_spmv_time": 0.0048743987083434996, 
    "oski_mean_time": 0.06636962072280884, 
    "phil_mean_max_error": 0.0069427420944806577, 
    "phil_mean_spmv_time": 0.0048743987083434996, 
    "phil_mean_time": 0.0238726509375
}