{
    "oski_mean_max_error": 0.0031564275173796121, 
    "oski_mean_spmv_time": 0.0026048493385314991, 
    "oski_mean_time": 0.08493080108474732, 
    "phil_mean_max_error": 0.0064668948400225593, 
    "phil_mean_spmv_time": 0.0026048493385314991, 
    "phil_mean_time": 0.027187071130523682
}