{
    "oski_mean_max_error": 0.0073153878248662886, 
    "oski_mean_spmv_time": 0.00056246995925903441, 
    "oski_mean_time": 0.007425089336547852, 
    "phil_mean_max_error": 0.0061794493607260741, 
    "phil_mean_spmv_time": 0.00056246995925903441, 
    "phil_mean_time": 0.013171979692382813
}