{
    "oski_mean_max_error": 0.0167234622168571, 
    "oski_mean_spmv_time": 0.00062037147000000483, 
    "oski_mean_time": 0.007928188011, 
    "phil_mean_max_error": 0.0045564405020631837, 
    "phil_mean_spmv_time": 0.00062037147000000483, 
    "phil_mean_time": 0.011073598833, 
    "pphil_mean_max_error": 0.0087435098167904773, 
    "pphil_mean_spmv_time": 0.00062037147000000483, 
    "pphil_mean_time": 0.001370305381
}