{
    "oski_mean_max_error": 0.0070187808933216446, 
    "oski_mean_spmv_time": 0.00045615911483764594, 
    "oski_mean_time": 0.00752431984741211, 
    "phil_mean_max_error": 0.0065667092488803404, 
    "phil_mean_spmv_time": 0.00045615911483764594, 
    "phil_mean_time": 0.013269309094238282
}