{
    "oski_mean_max_error": 0.0067959239368335488, 
    "oski_mean_spmv_time": 0.00045615911483764594, 
    "oski_mean_time": 0.007475099340667725, 
    "phil_mean_max_error": 0.0051588021766094724, 
    "phil_mean_spmv_time": 0.00045615911483764594, 
    "phil_mean_time": 0.017457029895935058
}