{
    "oski_mean_max_error": 0.0069425688163150343, 
    "oski_mean_spmv_time": 0.00043956008000000014, 
    "oski_mean_time": 0.00752340434, 
    "phil_mean_max_error": 0.0074997930675196733, 
    "phil_mean_spmv_time": 0.00043956008000000014, 
    "phil_mean_time": 0.011495161390000001, 
    "pphil_mean_max_error": 0.0065073772954606949, 
    "pphil_mean_spmv_time": 0.00043956008000000014, 
    "pphil_mean_time": 0.0022933133100000004
}