{
    "oski_mean_max_error": 0.0070837083141818812, 
    "oski_mean_spmv_time": 0.00045615911483764594, 
    "oski_mean_time": 0.007556029829864502, 
    "phil_mean_max_error": 0.0066943410004076422, 
    "phil_mean_spmv_time": 0.00045615911483764594, 
    "phil_mean_time": 0.011317499536437988
}