{
    "oski_mean_max_error": 0.0049896109637992984, 
    "oski_mean_spmv_time": 0.0012575360699999983, 
    "oski_mean_time": 0.01741663812, 
    "phil_mean_max_error": 0.0072793429082501308, 
    "phil_mean_spmv_time": 0.0012575360699999983, 
    "phil_mean_time": 0.01152573523, 
    "pphil_mean_max_error": 0.0069320055129756973, 
    "pphil_mean_spmv_time": 0.0012575360699999983, 
    "pphil_mean_time": 0.00222304699
}