{
    "oski_mean_max_error": 0.0048340709726605339, 
    "oski_mean_spmv_time": 0.0012904286384582534, 
    "oski_mean_time": 0.015804219459838866, 
    "phil_mean_max_error": 0.0068412345755025717, 
    "phil_mean_spmv_time": 0.0012904286384582534, 
    "phil_mean_time": 0.011890790266571045
}