{
    "oski_mean_max_error": 0.0048045816594707372, 
    "oski_mean_spmv_time": 0.0012231302261352525, 
    "oski_mean_time": 0.01583234079284668, 
    "phil_mean_max_error": 0.0061456886129645436, 
    "phil_mean_spmv_time": 0.0012231302261352525, 
    "phil_mean_time": 0.013741320595703125
}