{
    "oski_mean_max_error": 0.0050602192687566614, 
    "oski_mean_spmv_time": 0.0012575360700000082, 
    "oski_mean_time": 0.016777351847, 
    "phil_mean_max_error": 0.0055519604717983216, 
    "phil_mean_spmv_time": 0.0012575360700000082, 
    "phil_mean_time": 0.011557744515000001, 
    "pphil_mean_max_error": 0.0057505829577196646, 
    "pphil_mean_spmv_time": 0.0012575360700000082, 
    "pphil_mean_time": 0.001419712949
}