{
    "oski_mean_max_error": 0.0046797708058539493, 
    "oski_mean_spmv_time": 0.0012904286384582534, 
    "oski_mean_time": 0.015911078906707763, 
    "phil_mean_max_error": 0.0063422391399482443, 
    "phil_mean_spmv_time": 0.0012904286384582534, 
    "phil_mean_time": 0.013704051188201904
}