{
    "oski_mean_max_error": 0.004981028559581633, 
    "oski_mean_spmv_time": 0.0012765103499999988, 
    "oski_mean_time": 0.01741971432, 
    "phil_mean_max_error": 0.0066251184946825425, 
    "phil_mean_spmv_time": 0.0012765103499999988, 
    "phil_mean_time": 0.01156158659, 
    "pphil_mean_max_error": 0.0074727467075478768, 
    "pphil_mean_spmv_time": 0.0012765103499999988, 
    "pphil_mean_time": 0.0023157911900000003
}