{
    "oski_mean_max_error": 0.0039519619098514038, 
    "oski_mean_spmv_time": 0.00073017123000000098, 
    "oski_mean_time": 0.012193313400000001, 
    "phil_mean_max_error": 0.0025644027800003975, 
    "phil_mean_spmv_time": 0.00073017123000000098, 
    "phil_mean_time": 0.007129829430000001, 
    "pphil_mean_max_error": 0.0025799846665027488, 
    "pphil_mean_spmv_time": 0.00073017123000000098, 
    "pphil_mean_time": 0.0015921117800000001
}