{
    "oski_mean_max_error": 0.005609287381542722, 
    "oski_mean_spmv_time": 0.0006426231500000001, 
    "oski_mean_time": 0.01254898088, 
    "phil_mean_max_error": 0.0015395350167090615, 
    "phil_mean_spmv_time": 0.0006426231500000001, 
    "phil_mean_time": 0.00739010624, 
    "pphil_mean_max_error": 0.0026177694114560279, 
    "pphil_mean_spmv_time": 0.0006426231500000001, 
    "pphil_mean_time": 0.00131932669
}