{
    "oski_mean_max_error": 0.0041402482352627537, 
    "oski_mean_spmv_time": 0.00074577808380126942, 
    "oski_mean_time": 0.01044917099761963, 
    "phil_mean_max_error": 0.0023878340888865389, 
    "phil_mean_spmv_time": 0.00074577808380126942, 
    "phil_mean_time": 0.009250050099334717
}