{
    "oski_mean_max_error": 0.0040448832057566964, 
    "oski_mean_spmv_time": 0.00097617475000000178, 
    "oski_mean_time": 0.01207107936, 
    "phil_mean_max_error": 0.002704257379192635, 
    "phil_mean_spmv_time": 0.00097617475000000178, 
    "phil_mean_time": 0.007450361980000001, 
    "pphil_mean_max_error": 0.0026477293613327967, 
    "pphil_mean_spmv_time": 0.00097617475000000178, 
    "pphil_mean_time": 0.0014342943099999999
}