{
    "oski_mean_max_error": 0.0044902926605746444, 
    "oski_mean_spmv_time": 0.00064262314999999879, 
    "oski_mean_time": 0.012113858715000002, 
    "phil_mean_max_error": 0.0023897526201448003, 
    "phil_mean_spmv_time": 0.00064262314999999879, 
    "phil_mean_time": 0.0070991232460000005, 
    "pphil_mean_max_error": 0.002801511798852103, 
    "pphil_mean_spmv_time": 0.00064262314999999879, 
    "pphil_mean_time": 0.000923022894
}