{
    "oski_mean_max_error": 0.0066845784589053756, 
    "oski_mean_spmv_time": 0.0020656704902648959, 
    "oski_mean_time": 0.021028781147766115, 
    "phil_mean_max_error": 0.0064147844593805767, 
    "phil_mean_spmv_time": 0.0020656704902648959, 
    "phil_mean_time": 0.0077918189225769045
}