{
    "oski_mean_max_error": 0.0061032796287980133, 
    "oski_mean_spmv_time": 0.0012908577919006348, 
    "oski_mean_time": 0.02104910921646118, 
    "phil_mean_max_error": 0.0062935964789196533, 
    "phil_mean_spmv_time": 0.0012908577919006348, 
    "phil_mean_time": 0.007738639724578857
}