{
    "oski_mean_max_error": 0.038934416539206318, 
    "oski_mean_spmv_time": 5.3091049194335987e-05, 
    "oski_mean_time": 0.0006930293992614744, 
    "phil_mean_max_error": 0.0058478161274479233, 
    "phil_mean_spmv_time": 5.3091049194335987e-05, 
    "phil_mean_time": 0.009842388963928222
}