{
    "oski_mean_max_error": 0.0059328573092876915, 
    "oski_mean_spmv_time": 0.0026425499699999975, 
    "oski_mean_time": 0.03424705916, 
    "phil_mean_max_error": 0.0059383277688654489, 
    "phil_mean_spmv_time": 0.0026425499699999975, 
    "phil_mean_time": 0.01199348494, 
    "pphil_mean_max_error": 0.0066872016906534314, 
    "pphil_mean_spmv_time": 0.0026425499699999975, 
    "pphil_mean_time": 0.00225636615
}