{
    "oski_mean_max_error": 0.031269187098846817, 
    "oski_mean_spmv_time": 4.2886509999999611e-05, 
    "oski_mean_time": 0.0007519151280000001, 
    "phil_mean_max_error": 0.0059367251881630133, 
    "phil_mean_spmv_time": 4.6166620000000753e-05, 
    "phil_mean_time": 0.006484312456000001, 
    "pphil_mean_max_error": 0.0010031366399626471, 
    "pphil_mean_spmv_time": 4.6166620000000753e-05, 
    "pphil_mean_time": 0.000987745684
}