{
    "oski_mean_max_error": 0.039137873087717948, 
    "oski_mean_spmv_time": 5.0876808166503898e-05, 
    "oski_mean_time": 0.0008841103356933594, 
    "phil_mean_max_error": 0.0057330150247913002, 
    "phil_mean_spmv_time": 5.3839683532714795e-05, 
    "phil_mean_time": 0.011526899679718018
}