{
    "oski_mean_max_error": 1.800042529015706, 
    "oski_mean_spmv_time": 0.00092224376201629446, 
    "oski_mean_time": 0.005263050194702148, 
    "phil_mean_max_error": 0.0045889436558804019, 
    "phil_mean_spmv_time": 0.00091429948806762585, 
    "phil_mean_time": 0.014413621024322509
}