{
    "oski_mean_max_error": 0.043339581239825217, 
    "oski_mean_spmv_time": 4.9883008003234872e-05, 
    "oski_mean_time": 0.0006919390966796879, 
    "phil_mean_max_error": 0.006720233416812044, 
    "phil_mean_spmv_time": 5.0029754638671903e-05, 
    "phil_mean_time": 0.010716221164398194
}