{
    "oski_mean_max_error": 0.041897069125749288, 
    "oski_mean_spmv_time": 4.860782623291009e-05, 
    "oski_mean_time": 0.0008080501997375489, 
    "phil_mean_max_error": 0.0061601948602414414, 
    "phil_mean_spmv_time": 4.8611164093017507e-05, 
    "phil_mean_time": 0.009781129431762696
}