{
    "oski_mean_max_error": 0.043627927975762232, 
    "oski_mean_spmv_time": 4.5313791400000015e-05, 
    "oski_mean_time": 0.0008768228800000001, 
    "phil_mean_max_error": 0.0070412159941012518, 
    "phil_mean_spmv_time": 4.6166620000000035e-05, 
    "phil_mean_time": 0.00804550071, 
    "pphil_mean_max_error": 0.006558055331467888, 
    "pphil_mean_spmv_time": 4.6166620000000035e-05, 
    "pphil_mean_time": 0.00149405
}