{
    "oski_mean_max_error": 0.050333992844557238, 
    "oski_mean_spmv_time": 4.6166620000000035e-05, 
    "oski_mean_time": 0.000853338, 
    "phil_mean_max_error": 0.0059367251881629812, 
    "phil_mean_spmv_time": 4.6166620000000035e-05, 
    "phil_mean_time": 0.00712912887, 
    "pphil_mean_max_error": 0.0022859223921709321, 
    "pphil_mean_spmv_time": 4.6166620000000035e-05, 
    "pphil_mean_time": 0.00151671728
}