{
    "oski_mean_max_error": 0.010002949392941853, 
    "oski_mean_spmv_time": 0.0011505514621734598, 
    "oski_mean_time": 0.0066315101387023935, 
    "phil_mean_max_error": 0.0063163311293696692, 
    "phil_mean_spmv_time": 0.0012150192260742161, 
    "phil_mean_time": 0.00790223952407837
}