{
    "oski_mean_max_error": 1.8000043200103706, 
    "oski_mean_spmv_time": 0.011393753541500009, 
    "oski_mean_time": 0.04590344735, 
    "phil_mean_max_error": 0.0046645597298350392, 
    "phil_mean_spmv_time": 0.0094493911599999886, 
    "phil_mean_time": 0.009939171330000001, 
    "pphil_mean_max_error": 0.0056187891781624266, 
    "pphil_mean_spmv_time": 0.0094493911599999886, 
    "pphil_mean_time": 0.00205151476
}