{
    "oski_mean_max_error": 1.7957630986454252, 
    "oski_mean_spmv_time": 0.00013701884746551536, 
    "oski_mean_time": 0.000659798939819336, 
    "phil_mean_max_error": 0.0050710638892080672, 
    "phil_mean_spmv_time": 9.3321800231933354e-05, 
    "phil_mean_time": 0.010855089462127685
}