{
    "oski_mean_max_error": 0.040180019158620704, 
    "oski_mean_spmv_time": 5.0878524780273419e-05, 
    "oski_mean_time": 0.0008681110023498539, 
    "phil_mean_max_error": 0.033510583410452127, 
    "phil_mean_spmv_time": 5.368747711181636e-05, 
    "phil_mean_time": 0.000632260085144043
}