{
    "oski_mean_max_error": 1.800432103704888, 
    "oski_mean_spmv_time": 0.00014003194000000014, 
    "oski_mean_time": 0.0013275676799999999, 
    "phil_mean_max_error": 0.0026302411544620622, 
    "phil_mean_spmv_time": 0.0001193813499999999, 
    "phil_mean_time": 0.007672031170000001, 
    "pphil_mean_max_error": 0.0051569954218215639, 
    "pphil_mean_spmv_time": 0.0001193813499999999, 
    "pphil_mean_time": 0.0019648512800000003
}