{
    "oski_mean_max_error": 0.011373783219298449, 
    "oski_mean_spmv_time": 0.00058330059051513725, 
    "oski_mean_time": 0.010246170852355956, 
    "phil_mean_max_error": 0.005133304752258129, 
    "phil_mean_spmv_time": 0.00058330059051513725, 
    "phil_mean_time": 0.015440399315338133
}