{
    "oski_mean_max_error": 0.012132011539274623, 
    "oski_mean_spmv_time": 0.00055020713000000071, 
    "oski_mean_time": 0.010589070390000002, 
    "phil_mean_max_error": 0.0062144950923044874, 
    "phil_mean_spmv_time": 0.00055020713000000071, 
    "phil_mean_time": 0.009642585510000001, 
    "pphil_mean_max_error": 0.0065677346434601866, 
    "pphil_mean_spmv_time": 0.00055020713000000071, 
    "pphil_mean_time": 0.00198642149
}