{
    "oski_mean_max_error": 0.010722404696917837, 
    "oski_mean_spmv_time": 0.00058330059051513725, 
    "oski_mean_time": 0.010310850244598388, 
    "phil_mean_max_error": 0.0059264967096126584, 
    "phil_mean_spmv_time": 0.00058330059051513725, 
    "phil_mean_time": 0.01157568935699463
}