{
    "oski_mean_max_error": 0.012234923434922473, 
    "oski_mean_spmv_time": 0.00062567949295043999, 
    "oski_mean_time": 0.010299749795074462, 
    "phil_mean_max_error": 0.0061018065822518756, 
    "phil_mean_spmv_time": 0.00062567949295043999, 
    "phil_mean_time": 0.011588948988647462
}