{
    "oski_mean_max_error": 0.010532593023916403, 
    "oski_mean_spmv_time": 0.00072747876000000861, 
    "oski_mean_time": 0.010898052462, 
    "phil_mean_max_error": 0.015899934159794491, 
    "phil_mean_spmv_time": 0.00072747876000000861, 
    "phil_mean_time": 0.009521914401, 
    "pphil_mean_max_error": 0.0060493327960735085, 
    "pphil_mean_spmv_time": 0.00072747876000000861, 
    "pphil_mean_time": 0.001217834489
}