{
    "oski_mean_max_error": 0.011866694097767945, 
    "oski_mean_spmv_time": 0.00072747875999999852, 
    "oski_mean_time": 0.01137298312, 
    "phil_mean_max_error": 0.0065764597853967691, 
    "phil_mean_spmv_time": 0.00072747875999999852, 
    "phil_mean_time": 0.00968476266, 
    "pphil_mean_max_error": 0.0071834123039483319, 
    "pphil_mean_spmv_time": 0.00072747875999999852, 
    "pphil_mean_time": 0.0019460741000000001
}