{
    "oski_mean_max_error": 0.01218304790611428, 
    "oski_mean_spmv_time": 0.00073399922999999967, 
    "oski_mean_time": 0.01140441681, 
    "phil_mean_max_error": 0.0063955833889856074, 
    "phil_mean_spmv_time": 0.00073399922999999967, 
    "phil_mean_time": 0.00973040367, 
    "pphil_mean_max_error": 0.0066530754477943299, 
    "pphil_mean_spmv_time": 0.00073399922999999967, 
    "pphil_mean_time": 0.0021327206400000003
}