{
    "oski_mean_max_error": 0.009195747847479837, 
    "oski_mean_spmv_time": 0.00056142091751098535, 
    "oski_mean_time": 0.0076486103503417965, 
    "phil_mean_max_error": 0.0017476119287314195, 
    "phil_mean_spmv_time": 0.00056142091751098535, 
    "phil_mean_time": 0.009164720442047119
}