{
    "oski_mean_max_error": 0.0051840333581720964, 
    "oski_mean_spmv_time": 0.00063567222000000681, 
    "oski_mean_time": 0.008096583096, 
    "phil_mean_max_error": 0.0010768114865764551, 
    "phil_mean_spmv_time": 0.00063567222000000681, 
    "phil_mean_time": 0.006850905025, 
    "pphil_mean_max_error": 0.0017786432506667884, 
    "pphil_mean_spmv_time": 0.00063567222000000681, 
    "pphil_mean_time": 0.00092894318
}