{
    "oski_mean_max_error": 0.010000304174001818, 
    "oski_mean_spmv_time": 0.00061470031738281158, 
    "oski_mean_time": 0.007726680303497314, 
    "phil_mean_max_error": 0.002007086033402921, 
    "phil_mean_spmv_time": 0.00061470031738281158, 
    "phil_mean_time": 0.008016760220184327
}