{
    "oski_mean_max_error": 0.0087956322748128975, 
    "oski_mean_spmv_time": 0.00040730953216552791, 
    "oski_mean_time": 0.007112570231933593, 
    "phil_mean_max_error": 0.0018848183193248328, 
    "phil_mean_spmv_time": 0.00040730953216552791, 
    "phil_mean_time": 0.008670940766601562
}