{
    "oski_mean_max_error": 0.0093609003374444336, 
    "oski_mean_spmv_time": 0.00052803092999999951, 
    "oski_mean_time": 0.00838051641, 
    "phil_mean_max_error": 0.002021089975262623, 
    "phil_mean_spmv_time": 0.00052803092999999951, 
    "phil_mean_time": 0.007194455110000001, 
    "pphil_mean_max_error": 0.0018521385122978449, 
    "pphil_mean_spmv_time": 0.00052803092999999951, 
    "pphil_mean_time": 0.0013697195400000002
}