{
    "oski_mean_max_error": 0.0093446009778361469, 
    "oski_mean_spmv_time": 0.00053689002990722724, 
    "oski_mean_time": 0.0066220491123962395, 
    "phil_mean_max_error": 0.0019038025060008324, 
    "phil_mean_spmv_time": 0.00053689002990722724, 
    "phil_mean_time": 0.008718270674743652
}