{
    "oski_mean_max_error": 0.0069050648055142862, 
    "oski_mean_spmv_time": 0.0025057888031005892, 
    "oski_mean_time": 0.030348858860321046, 
    "phil_mean_max_error": 0.0064060785059595572, 
    "phil_mean_spmv_time": 0.0025057888031005892, 
    "phil_mean_time": 0.014878199506988526
}