{
    "oski_mean_max_error": 0.0067212488232106186, 
    "oski_mean_spmv_time": 0.0025057888031005892, 
    "oski_mean_time": 0.0304062297467041, 
    "phil_mean_max_error": 0.0072726352181765683, 
    "phil_mean_spmv_time": 0.0025057888031005892, 
    "phil_mean_time": 0.01130228937713623
}