{
    "oski_mean_max_error": 0.0066158098815828018, 
    "oski_mean_spmv_time": 0.0024201107025146537, 
    "oski_mean_time": 0.030184669449005126, 
    "phil_mean_max_error": 0.0074851969525022901, 
    "phil_mean_spmv_time": 0.0024201107025146537, 
    "phil_mean_time": 0.011200619194793702
}