{
    "oski_mean_max_error": 0.0065485449330974811, 
    "oski_mean_spmv_time": 0.0024481511116027864, 
    "oski_mean_time": 0.030289089281921387, 
    "phil_mean_max_error": 0.0072937634639790054, 
    "phil_mean_spmv_time": 0.0024481511116027864, 
    "phil_mean_time": 0.011299679931030274
}