{
    "oski_mean_max_error": 0.0066953632209809984, 
    "oski_mean_spmv_time": 0.0025057888031005892, 
    "oski_mean_time": 0.030356190310821533, 
    "phil_mean_max_error": 0.0068273499547509484, 
    "phil_mean_spmv_time": 0.0025057888031005892, 
    "phil_mean_time": 0.011254789698028565
}