{
    "oski_mean_max_error": 0.0063055376701238496, 
    "oski_mean_spmv_time": 0.0024100297200000051, 
    "oski_mean_time": 0.03431782003, 
    "phil_mean_max_error": 0.0078381973500299476, 
    "phil_mean_spmv_time": 0.0024100297200000051, 
    "phil_mean_time": 0.00914939528, 
    "pphil_mean_max_error": 0.0073277721542062586, 
    "pphil_mean_spmv_time": 0.0024100297200000051, 
    "pphil_mean_time": 0.0018890815400000001
}