{
    "oski_mean_max_error": 0.0071526114648250063, 
    "oski_mean_spmv_time": 0.0014225697517395006, 
    "oski_mean_time": 0.037547669783630375, 
    "phil_mean_max_error": 0.0080027876092141053, 
    "phil_mean_spmv_time": 0.0014225697517395006, 
    "phil_mean_time": 0.015606380924224854
}