{
    "oski_mean_max_error": 0.12443794156452678, 
    "oski_mean_spmv_time": 0.013052313280105572, 
    "oski_mean_time": 0.027690019269104003, 
    "phil_mean_max_error": 0.0070513986513744973, 
    "phil_mean_spmv_time": 0.013059289455413799, 
    "phil_mean_time": 0.01432801035308838
}