{
    "oski_mean_max_error": 0.12504714048946211, 
    "oski_mean_spmv_time": 0.0050383089100000077, 
    "oski_mean_time": 0.02777763792, 
    "phil_mean_max_error": 0.0071296604392525461, 
    "phil_mean_spmv_time": 0.0050383089100000077, 
    "phil_mean_time": 0.013844348480000001, 
    "pphil_mean_max_error": 0.0075081079612706273, 
    "pphil_mean_spmv_time": 0.0050383089100000077, 
    "pphil_mean_time": 0.0026439535600000005
}