{
    "oski_mean_max_error": 0.1311635342024246, 
    "oski_mean_spmv_time": 0.0056782069683074914, 
    "oski_mean_time": 0.027558441118927003, 
    "phil_mean_max_error": 0.0065854417265146358, 
    "phil_mean_spmv_time": 0.0056753778457641554, 
    "phil_mean_time": 0.016403181154174808
}