{
    "oski_mean_max_error": 0.12915339295003808, 
    "oski_mean_spmv_time": 0.0063525946617126461, 
    "oski_mean_time": 0.027846039460601806, 
    "phil_mean_max_error": 0.0068956306005826026, 
    "phil_mean_spmv_time": 0.006780829429626465, 
    "phil_mean_time": 0.016548559645385742
}