{
    "oski_mean_max_error": 0.12633640648302255, 
    "oski_mean_spmv_time": 0.0058214511871337868, 
    "oski_mean_time": 0.06754042884384155, 
    "phil_mean_max_error": 0.0063189755831420938, 
    "phil_mean_spmv_time": 0.0056923413276672328, 
    "phil_mean_time": 0.022444079381256102
}