{
    "oski_mean_max_error": 0.13424778581363497, 
    "oski_mean_spmv_time": 0.0048567030100000073, 
    "oski_mean_time": 0.0286979534, 
    "phil_mean_max_error": 0.010514256867888767, 
    "phil_mean_spmv_time": 0.0048567030100000073, 
    "phil_mean_time": 0.013157621530000002, 
    "pphil_mean_max_error": 0.0058560129563862929, 
    "pphil_mean_spmv_time": 0.0048567030100000073, 
    "pphil_mean_time": 0.00261441482
}