{
    "oski_mean_max_error": 0.12711852427543846, 
    "oski_mean_spmv_time": 0.0057218063354492234, 
    "oski_mean_time": 0.03195916043762207, 
    "phil_mean_max_error": 0.006572053405188719, 
    "phil_mean_spmv_time": 0.0056746578216552782, 
    "phil_mean_time": 0.016261080522460936
}