{
    "oski_mean_max_error": 0.12582815924410837, 
    "oski_mean_spmv_time": 0.013045337104797345, 
    "oski_mean_time": 0.027147349868927, 
    "phil_mean_max_error": 0.0068152387068947228, 
    "phil_mean_spmv_time": 0.013059289455413799, 
    "phil_mean_time": 0.016550770338592532
}