{
    "oski_mean_max_error": 0.12834343236878706, 
    "oski_mean_spmv_time": 0.0058196047782897928, 
    "oski_mean_time": 0.06784628921173096, 
    "phil_mean_max_error": 0.033738945312383778, 
    "phil_mean_spmv_time": 0.0056934354066848717, 
    "phil_mean_time": 0.001861090659790039
}