{
    "oski_mean_max_error": 0.059181758134718147, 
    "oski_mean_spmv_time": 0.0048567030100000203, 
    "oski_mean_time": 0.033287512955, 
    "phil_mean_max_error": 0.0059277092330317985, 
    "phil_mean_spmv_time": 0.0048567030100000203, 
    "phil_mean_time": 0.013083609313, 
    "pphil_mean_max_error": 0.010003376586618352, 
    "pphil_mean_spmv_time": 0.0048567030100000203, 
    "pphil_mean_time": 0.001589608965
}