{
    "oski_mean_max_error": 0.069288096735800067, 
    "oski_mean_spmv_time": 0.0010961285591125464, 
    "oski_mean_time": 0.01815879968551636, 
    "phil_mean_max_error": 0.033790260649371122, 
    "phil_mean_spmv_time": 0.001092747354507444, 
    "phil_mean_time": 0.0005329395973205576
}