{
    "oski_mean_max_error": 0.0058802740566530117, 
    "oski_mean_spmv_time": 0.0006834851500000115, 
    "oski_mean_time": 0.010920296679000002, 
    "phil_mean_max_error": 0.0065522242297983814, 
    "phil_mean_spmv_time": 0.0006834851500000115, 
    "phil_mean_time": 0.007148783819, 
    "pphil_mean_max_error": 0.0085274476984639486, 
    "pphil_mean_spmv_time": 0.0006834851500000115, 
    "pphil_mean_time": 0.001015483232
}