{
    "oski_mean_max_error": 0.0091086860933638873, 
    "oski_mean_spmv_time": 0.0007649052200000005, 
    "oski_mean_time": 0.01153686188, 
    "phil_mean_max_error": 0.0075891100918570849, 
    "phil_mean_spmv_time": 0.0007649052200000005, 
    "phil_mean_time": 0.0071990482, 
    "pphil_mean_max_error": 0.007653095582444089, 
    "pphil_mean_spmv_time": 0.0007649052200000005, 
    "pphil_mean_time": 0.00165091385
}