{
    "oski_mean_max_error": 0.0092034791988081285, 
    "oski_mean_spmv_time": 0.00071077694892883274, 
    "oski_mean_time": 0.010180190184478759, 
    "phil_mean_max_error": 0.0070713848264696731, 
    "phil_mean_spmv_time": 0.00071207568645477253, 
    "phil_mean_time": 0.007563121078033447
}