{
    "oski_mean_max_error": 0.01029965415278822, 
    "oski_mean_spmv_time": 0.0006840168520000009, 
    "oski_mean_time": 0.011534452930000001, 
    "phil_mean_max_error": 0.0076854732462097262, 
    "phil_mean_spmv_time": 0.00068348515000000098, 
    "phil_mean_time": 0.00729109623, 
    "pphil_mean_max_error": 0.0073296443768967158, 
    "pphil_mean_spmv_time": 0.00068348515000000098, 
    "pphil_mean_time": 0.0017134291800000002
}