{
    "oski_mean_max_error": 0.018314706650595983, 
    "oski_mean_spmv_time": 0.0010862980900000153, 
    "oski_mean_time": 0.011748759079, 
    "phil_mean_max_error": 0.013091196607734376, 
    "phil_mean_spmv_time": 0.0010862980900000153, 
    "phil_mean_time": 0.009222607905000001, 
    "pphil_mean_max_error": 0.0058840587809892101, 
    "pphil_mean_spmv_time": 0.0010862980900000153, 
    "pphil_mean_time": 0.001263419488
}