{
    "oski_mean_max_error": 0.022310114001330591, 
    "oski_mean_spmv_time": 0.0011199692249298082, 
    "oski_mean_time": 0.010830539147949219, 
    "phil_mean_max_error": 0.0064053601608998999, 
    "phil_mean_spmv_time": 0.0011243796348571764, 
    "phil_mean_time": 0.014752941004333496
}