{
    "oski_mean_max_error": 0.022849351684261179, 
    "oski_mean_spmv_time": 0.0010323474208000019, 
    "oski_mean_time": 0.011106583060000001, 
    "phil_mean_max_error": 0.0081392224368045558, 
    "phil_mean_spmv_time": 0.0010361925459000014, 
    "phil_mean_time": 0.0092282686, 
    "pphil_mean_max_error": 0.008380812682997809, 
    "pphil_mean_spmv_time": 0.0010355253942000017, 
    "pphil_mean_time": 0.0020526017
}