{
    "oski_mean_max_error": 0.0082566437160192224, 
    "oski_mean_spmv_time": 0.015385937450000036, 
    "oski_mean_time": 0.10567106012, 
    "phil_mean_max_error": 0.0054057521333390358, 
    "phil_mean_spmv_time": 0.015385937450000036, 
    "phil_mean_time": 0.023237059500000004, 
    "pphil_mean_max_error": 0.0050862569217406516, 
    "pphil_mean_spmv_time": 0.015385937450000036, 
    "pphil_mean_time": 0.0034655513000000004
}