{
    "oski_mean_max_error": 0.0076108900323612104, 
    "oski_mean_spmv_time": 0.016136879920959513, 
    "oski_mean_time": 0.10701009112442017, 
    "phil_mean_max_error": 0.0041369348842566914, 
    "phil_mean_spmv_time": 0.016136879920959513, 
    "phil_mean_time": 0.033674310418548584
}