{
    "oski_mean_max_error": 0.0083020450548182152, 
    "oski_mean_spmv_time": 0.016136879920959513, 
    "oski_mean_time": 0.10603449024353027, 
    "phil_mean_max_error": 0.0050214183198846914, 
    "phil_mean_spmv_time": 0.016136879920959513, 
    "phil_mean_time": 0.02380831881530762
}