{
    "oski_mean_max_error": 0.0081313374972701094, 
    "oski_mean_spmv_time": 0.016192491054534953, 
    "oski_mean_time": 0.1072309795777893, 
    "phil_mean_max_error": 0.0047076202293185798, 
    "phil_mean_spmv_time": 0.016192491054534953, 
    "phil_mean_time": 0.02714285048522949
}