{
    "oski_mean_max_error": 0.0080586162889354912, 
    "oski_mean_spmv_time": 0.016136879920959513, 
    "oski_mean_time": 0.10699295941253663, 
    "phil_mean_max_error": 0.0048962204494074979, 
    "phil_mean_spmv_time": 0.016136879920959513, 
    "phil_mean_time": 0.027043840296020506
}