{
    "oski_mean_max_error": 0.0086200399071028229, 
    "oski_mean_spmv_time": 0.016368474040000025, 
    "oski_mean_time": 0.11346498814, 
    "phil_mean_max_error": 0.005037117001378791, 
    "phil_mean_spmv_time": 0.016368474040000025, 
    "phil_mean_time": 0.02328831805, 
    "pphil_mean_max_error": 0.0053273879915148896, 
    "pphil_mean_spmv_time": 0.016368474040000025, 
    "pphil_mean_time": 0.0035972982800000003
}