{
    "oski_mean_max_error": 0.024703064843851662, 
    "oski_mean_spmv_time": 0.0016408801078796357, 
    "oski_mean_time": 0.0123636106048584, 
    "phil_mean_max_error": 0.00091604899338474917, 
    "phil_mean_spmv_time": 0.0016408801078796357, 
    "phil_mean_time": 0.008693460270996094
}