{
    "oski_mean_max_error": 0.021213756703765258, 
    "oski_mean_spmv_time": 0.0017756295204162638, 
    "oski_mean_time": 0.012837269592590333, 
    "phil_mean_max_error": 0.0009642384379160968, 
    "phil_mean_spmv_time": 0.0017756295204162638, 
    "phil_mean_time": 0.008651610710296631
}