{
    "oski_mean_max_error": 0.0051955556047744199, 
    "oski_mean_spmv_time": 0.0029406619071960498, 
    "oski_mean_time": 0.08300297982696532, 
    "phil_mean_max_error": 0.028642640421434509, 
    "phil_mean_spmv_time": 0.0029406619071960498, 
    "phil_mean_time": 0.0014470495852661135
}