{
    "oski_mean_max_error": 0.0054498952686396719, 
    "oski_mean_spmv_time": 0.0029406619071960498, 
    "oski_mean_time": 0.05883730919250488, 
    "phil_mean_max_error": 0.0061911777504666879, 
    "phil_mean_spmv_time": 0.0029406619071960498, 
    "phil_mean_time": 0.015754749940490722
}