{
    "oski_mean_max_error": 0.0046746545152623921, 
    "oski_mean_spmv_time": 0.0044594001770019587, 
    "oski_mean_time": 0.05986628887008667, 
    "phil_mean_max_error": 0.0057545877772362634, 
    "phil_mean_spmv_time": 0.0044594001770019587, 
    "phil_mean_time": 0.01077152031890869
}