{
    "oski_mean_max_error": 0.0092129507843293941, 
    "oski_mean_spmv_time": 0.002125670909881589, 
    "oski_mean_time": 0.032715410784606935, 
    "phil_mean_max_error": 0.006078510690315707, 
    "phil_mean_spmv_time": 0.002125670909881589, 
    "phil_mean_time": 0.014311279646148683
}