{
    "oski_mean_max_error": 0.0087325904422993206, 
    "oski_mean_spmv_time": 0.0020894179500000037, 
    "oski_mean_time": 0.03599628752, 
    "phil_mean_max_error": 0.0070362652108371037, 
    "phil_mean_spmv_time": 0.0020894179500000037, 
    "phil_mean_time": 0.009929450030000002, 
    "pphil_mean_max_error": 0.0066680323118002193, 
    "pphil_mean_spmv_time": 0.0020894179500000037, 
    "pphil_mean_time": 0.0019362771600000001
}