{
    "oski_mean_max_error": 0.0086697966526088893, 
    "oski_mean_spmv_time": 0.002125670909881589, 
    "oski_mean_time": 0.03209198985519409, 
    "phil_mean_max_error": 0.0057168057729385787, 
    "phil_mean_spmv_time": 0.002125670909881589, 
    "phil_mean_time": 0.01229756900177002
}