{
    "oski_mean_max_error": 0.021558451365837939, 
    "oski_mean_spmv_time": 0.0020662254699999965, 
    "oski_mean_time": 0.03324412275, 
    "phil_mean_max_error": 0.0039443272197142885, 
    "phil_mean_spmv_time": 0.0020662254699999965, 
    "phil_mean_time": 0.00891337056, 
    "pphil_mean_max_error": 0.0054709896597469401, 
    "pphil_mean_spmv_time": 0.0020662254699999965, 
    "pphil_mean_time": 0.0019942726000000003
}