{
    "oski_mean_max_error": 0.0091415949686326995, 
    "oski_mean_spmv_time": 0.002125670909881589, 
    "oski_mean_time": 0.03207875943252564, 
    "phil_mean_max_error": 0.0053382272707388698, 
    "phil_mean_spmv_time": 0.002125670909881589, 
    "phil_mean_time": 0.01620638102279663
}