{
    "oski_mean_max_error": 0.0093446717402105792, 
    "oski_mean_spmv_time": 0.0020524889799999968, 
    "oski_mean_time": 0.033701888480000004, 
    "phil_mean_max_error": 0.0068222456659903065, 
    "phil_mean_spmv_time": 0.0020524889799999968, 
    "phil_mean_time": 0.01001184356, 
    "pphil_mean_max_error": 0.0074805884408087383, 
    "pphil_mean_spmv_time": 0.0020524889799999968, 
    "pphil_mean_time": 0.00203476734
}