{
    "oski_mean_max_error": 0.0084694237516688125, 
    "oski_mean_spmv_time": 0.0020662254699999965, 
    "oski_mean_time": 0.03601702486, 
    "phil_mean_max_error": 0.0066401076461609114, 
    "phil_mean_spmv_time": 0.0020662254699999965, 
    "phil_mean_time": 0.00995499601, 
    "pphil_mean_max_error": 0.0065062418598337583, 
    "pphil_mean_spmv_time": 0.0020662254699999965, 
    "pphil_mean_time": 0.00189776657
}