{
    "oski_mean_max_error": 0.0079984132215246348, 
    "oski_mean_spmv_time": 0.0039056861639022804, 
    "oski_mean_time": 0.03668737114013672, 
    "phil_mean_max_error": 0.0050704414379974284, 
    "phil_mean_spmv_time": 0.0039101195335388148, 
    "phil_mean_time": 0.018925930506591797
}