{
    "oski_mean_max_error": 0.0080023143952899275, 
    "oski_mean_spmv_time": 0.0039536905914999984, 
    "oski_mean_time": 0.036858672620000005, 
    "phil_mean_max_error": 0.005122983473963544, 
    "phil_mean_spmv_time": 0.0039401699444999968, 
    "phil_mean_time": 0.01589517398, 
    "pphil_mean_max_error": 0.0051030132839187271, 
    "pphil_mean_spmv_time": 0.0039401699444999968, 
    "pphil_mean_time": 0.00243199924
}