{
    "oski_mean_max_error": 0.0075772580424792405, 
    "oski_mean_spmv_time": 0.0039091343402862513, 
    "oski_mean_time": 0.03411563008041382, 
    "phil_mean_max_error": 0.0055512289007963334, 
    "phil_mean_spmv_time": 0.0039101195335388148, 
    "phil_mean_time": 0.01687442922805786
}