{
    "oski_mean_max_error": 0.007417304572337375, 
    "oski_mean_spmv_time": 0.0038395309448242139, 
    "oski_mean_time": 0.03384668973495483, 
    "phil_mean_max_error": 0.0052075331748033769, 
    "phil_mean_spmv_time": 0.0038395309448242139, 
    "phil_mean_time": 0.018864270379638674
}