{
    "oski_mean_max_error": 0.0086448529337574201, 
    "oski_mean_spmv_time": 0.0038679930031999994, 
    "oski_mean_time": 0.03677439728, 
    "phil_mean_max_error": 0.0048835896893632434, 
    "phil_mean_spmv_time": 0.0038492866793999963, 
    "phil_mean_time": 0.01592252573, 
    "pphil_mean_max_error": 0.0053760806067821741, 
    "pphil_mean_spmv_time": 0.0038492866793999967, 
    "pphil_mean_time": 0.00222382558
}