{
    "oski_mean_max_error": 0.0076543257642888987, 
    "oski_mean_spmv_time": 0.0039486885070800781, 
    "oski_mean_time": 0.09071224882568359, 
    "phil_mean_max_error": 0.005021196698123045, 
    "phil_mean_spmv_time": 0.0039486885070800781, 
    "phil_mean_time": 0.0261646000819397
}