{
    "oski_mean_max_error": 0.0076255045399741374, 
    "oski_mean_spmv_time": 0.0039081491470336878, 
    "oski_mean_time": 0.03407180053710937, 
    "phil_mean_max_error": 0.004053830714889935, 
    "phil_mean_spmv_time": 0.0039101195335388148, 
    "phil_mean_time": 0.023507059227294923
}