{
    "oski_mean_max_error": 0.0078153087060837158, 
    "oski_mean_spmv_time": 0.0040280541499999661, 
    "oski_mean_time": 0.03638137160300001, 
    "phil_mean_max_error": 0.0040391549069962512, 
    "phil_mean_spmv_time": 0.003931478100000072, 
    "phil_mean_time": 0.015636398368, 
    "pphil_mean_max_error": 0.0056964708329586998, 
    "pphil_mean_spmv_time": 0.003931478100000072, 
    "pphil_mean_time": 0.0017746289610000002
}