{
    "oski_mean_max_error": 0.07384281333648024, 
    "oski_mean_spmv_time": 0.00019247545000000002, 
    "oski_mean_time": 0.06656860452, 
    "phil_mean_max_error": 0.024776339591885896, 
    "phil_mean_spmv_time": 0.00019247545000000002, 
    "phil_mean_time": 0.02553467495, 
    "pphil_mean_max_error": 0.022883188212968548, 
    "pphil_mean_spmv_time": 0.00019247545000000002, 
    "pphil_mean_time": 0.0026978873000000005
}