{
    "oski_mean_max_error": 0.007886654740838401, 
    "oski_mean_spmv_time": 0.003117553830000001, 
    "oski_mean_time": 0.35844311238000004, 
    "phil_mean_max_error": 0.025246386421115544, 
    "phil_mean_spmv_time": 0.003117553830000001, 
    "phil_mean_time": 0.026327596170000002, 
    "pphil_mean_max_error": 0.025277739433399324, 
    "pphil_mean_spmv_time": 0.003117553830000001, 
    "pphil_mean_time": 0.0030182341100000003
}