{
    "oski_mean_max_error": 0.004437874413012586, 
    "oski_mean_spmv_time": 0.011526533639999996, 
    "oski_mean_time": 1.14261336177, 
    "phil_mean_max_error": 0.025625183423510098, 
    "phil_mean_spmv_time": 0.011526533639999996, 
    "phil_mean_time": 0.02772679991, 
    "pphil_mean_max_error": 0.025049700915055127, 
    "pphil_mean_spmv_time": 0.011526533639999996, 
    "pphil_mean_time": 0.0031977317
}