{
    "oski_mean_max_error": 0.01083268005979421, 
    "oski_mean_spmv_time": 0.004660750950000001, 
    "oski_mean_time": 0.35232978905, 
    "phil_mean_max_error": 0.04138575775739012, 
    "phil_mean_spmv_time": 0.004660750950000001, 
    "phil_mean_time": 0.02465597434, 
    "pphil_mean_max_error": 0.02151723610033421, 
    "pphil_mean_spmv_time": 0.004660750950000001, 
    "pphil_mean_time": 0.00232624521
}