{
    "oski_mean_max_error": 0.004339414341285063, 
    "oski_mean_spmv_time": 0.013915054360000007, 
    "oski_mean_time": 1.113889397826, 
    "phil_mean_max_error": 0.03518571359274992, 
    "phil_mean_spmv_time": 0.013915054360000007, 
    "phil_mean_time": 0.026143679753000002, 
    "pphil_mean_max_error": 0.023518653246150018, 
    "pphil_mean_spmv_time": 0.013915054360000007, 
    "pphil_mean_time": 0.002353076505
}