{
    "oski_mean_max_error": 0.007774609979042708, 
    "oski_mean_spmv_time": 0.00557494082, 
    "oski_mean_time": 0.32446471590000003, 
    "phil_mean_max_error": 0.022748893660380513, 
    "phil_mean_spmv_time": 0.00557494082, 
    "phil_mean_time": 0.021522779560000004, 
    "pphil_mean_max_error": 0.022598658761033192, 
    "pphil_mean_spmv_time": 0.00557494082, 
    "pphil_mean_time": 0.00206795952
}