{
    "oski_mean_max_error": 0.0077427115839665064, 
    "oski_mean_spmv_time": 0.005392074820000002, 
    "oski_mean_time": 0.32036057007, 
    "phil_mean_max_error": 0.023301174602424687, 
    "phil_mean_spmv_time": 0.005392074820000002, 
    "phil_mean_time": 0.02142675246, 
    "pphil_mean_max_error": 0.02381780084433451, 
    "pphil_mean_spmv_time": 0.005392074820000002, 
    "pphil_mean_time": 0.00206767642
}