{
    "oski_mean_max_error": 0.049958493485581144, 
    "oski_mean_spmv_time": 0.0016018111900000002, 
    "oski_mean_time": 0.14075430163, 
    "phil_mean_max_error": 0.033871543006320066, 
    "phil_mean_spmv_time": 0.0016018111900000002, 
    "phil_mean_time": 0.02745564437, 
    "pphil_mean_max_error": 0.027125997498111842, 
    "pphil_mean_spmv_time": 0.0016018111900000002, 
    "pphil_mean_time": 0.0024452453600000003
}