{
    "oski_mean_max_error": 0.03943505210193909, 
    "oski_mean_spmv_time": 0.0014599376499999997, 
    "oski_mean_time": 0.15300807621, 
    "phil_mean_max_error": 0.026418378968425513, 
    "phil_mean_spmv_time": 0.0014599376499999997, 
    "phil_mean_time": 0.027771182420000002, 
    "pphil_mean_max_error": 0.026305946376822244, 
    "pphil_mean_spmv_time": 0.0014599376499999997, 
    "pphil_mean_time": 0.0030125667300000005
}