{
    "oski_mean_max_error": 0.007786424534239872, 
    "oski_mean_spmv_time": 0.01023781823, 
    "oski_mean_time": 1.09813003397, 
    "phil_mean_max_error": 0.03367063084728737, 
    "phil_mean_spmv_time": 0.01023781823, 
    "phil_mean_time": 0.032238478400000006, 
    "pphil_mean_max_error": 0.025121997249136316, 
    "pphil_mean_spmv_time": 0.01023781823, 
    "pphil_mean_time": 0.0030954994200000003
}