{
    "oski_mean_max_error": 0.0877996928305371, 
    "oski_mean_spmv_time": 0.013504202060000001, 
    "oski_mean_time": 0.41231945737000003, 
    "phil_mean_max_error": 0.025240104186734936, 
    "phil_mean_spmv_time": 0.013504202060000001, 
    "phil_mean_time": 0.03364929631, 
    "pphil_mean_max_error": 0.025204310136093665, 
    "pphil_mean_spmv_time": 0.013504202060000001, 
    "pphil_mean_time": 0.00402217367
}