{
    "oski_mean_max_error": 0.09197529817511843, 
    "oski_mean_spmv_time": 0.010397264220000006, 
    "oski_mean_time": 0.41716608346, 
    "phil_mean_max_error": 0.023696458411646904, 
    "phil_mean_spmv_time": 0.010397264220000006, 
    "phil_mean_time": 0.033500827760000004, 
    "pphil_mean_max_error": 0.024098168951125053, 
    "pphil_mean_spmv_time": 0.010397264220000006, 
    "pphil_mean_time": 0.00372662033
}