{
    "oski_mean_max_error": 0.05054778341667876, 
    "oski_mean_spmv_time": 0.00228736957, 
    "oski_mean_time": 0.22910898413000003, 
    "phil_mean_max_error": 0.024647662421606348, 
    "phil_mean_spmv_time": 0.00228736957, 
    "phil_mean_time": 0.03005195885, 
    "pphil_mean_max_error": 0.024569206515750147, 
    "pphil_mean_spmv_time": 0.00228736957, 
    "pphil_mean_time": 0.002944022
}