{
    "oski_mean_max_error": 0.06854740539842878, 
    "oski_mean_spmv_time": 0.00024004794000000005, 
    "oski_mean_time": 0.05719308068, 
    "phil_mean_max_error": 0.026375825617473075, 
    "phil_mean_spmv_time": 0.00024004794000000005, 
    "phil_mean_time": 0.02647720799, 
    "pphil_mean_max_error": 0.02606567199642866, 
    "pphil_mean_spmv_time": 0.00024004794000000005, 
    "pphil_mean_time": 0.0029984062
}