{
    "oski_mean_max_error": 0.06537993109196744, 
    "oski_mean_spmv_time": 0.00017875548000000004, 
    "oski_mean_time": 0.0559944002, 
    "phil_mean_max_error": 0.025975611699942686, 
    "phil_mean_spmv_time": 0.00017875548000000004, 
    "phil_mean_time": 0.027871728340000002, 
    "pphil_mean_max_error": 0.026582162902153948, 
    "pphil_mean_spmv_time": 0.00017875548000000004, 
    "pphil_mean_time": 0.0025341108000000003
}