{
    "oski_mean_max_error": 0.07654613692706676, 
    "oski_mean_spmv_time": 0.0036348859865000015, 
    "oski_mean_time": 0.19748873869, 
    "phil_mean_max_error": 0.016131409237758194, 
    "phil_mean_spmv_time": 0.0036419535600000015, 
    "phil_mean_time": 0.026955791390000004, 
    "pphil_mean_max_error": 0.017085796939583172, 
    "pphil_mean_spmv_time": 0.0036419535600000015, 
    "pphil_mean_time": 0.0029500801200000003
}