{
    "oski_mean_max_error": 0.08823607540788611, 
    "oski_mean_spmv_time": 0.004068824879400001, 
    "oski_mean_time": 0.20115815273000004, 
    "phil_mean_max_error": 0.017379530797963946, 
    "phil_mean_spmv_time": 0.004031155590000001, 
    "phil_mean_time": 0.025998311580000003, 
    "pphil_mean_max_error": 0.01693672332660309, 
    "pphil_mean_spmv_time": 0.004031155590000001, 
    "pphil_mean_time": 0.0025522571500000003
}