{
    "oski_mean_max_error": 0.010187652782017349, 
    "oski_mean_spmv_time": 0.008526808420000002, 
    "oski_mean_time": 0.92030690484, 
    "phil_mean_max_error": 0.022128706183196088, 
    "phil_mean_spmv_time": 0.008526808420000002, 
    "phil_mean_time": 0.029211813540000003, 
    "pphil_mean_max_error": 0.02091203862815719, 
    "pphil_mean_spmv_time": 0.008526808420000002, 
    "pphil_mean_time": 0.00378555376
}