{
    "oski_mean_max_error": 0.01981002130183581, 
    "oski_mean_spmv_time": 0.00840690482, 
    "oski_mean_time": 0.57907107246, 
    "phil_mean_max_error": 0.019085132077940527, 
    "phil_mean_spmv_time": 0.00840690482, 
    "phil_mean_time": 0.03217285828, 
    "pphil_mean_max_error": 0.019906610535837276, 
    "pphil_mean_spmv_time": 0.00840690482, 
    "pphil_mean_time": 0.00405042247
}