{
    "oski_mean_max_error": 0.035734957249875736, 
    "oski_mean_spmv_time": 0.0017984736299999993, 
    "oski_mean_time": 0.22105560162, 
    "phil_mean_max_error": 0.019436134239456088, 
    "phil_mean_spmv_time": 0.0017984736299999993, 
    "phil_mean_time": 0.02790585313, 
    "pphil_mean_max_error": 0.01969156350680046, 
    "pphil_mean_spmv_time": 0.0017984736299999993, 
    "pphil_mean_time": 0.00236571649
}