{
    "oski_mean_max_error": 0.02951004157702135, 
    "oski_mean_spmv_time": 0.0022415378499999997, 
    "oski_mean_time": 0.22577998706000002, 
    "phil_mean_max_error": 0.022388132274865576, 
    "phil_mean_spmv_time": 0.0022415378499999997, 
    "phil_mean_time": 0.028378316150000003, 
    "pphil_mean_max_error": 0.023307887990003412, 
    "pphil_mean_spmv_time": 0.0022415378499999997, 
    "pphil_mean_time": 0.0026219614200000004
}