{
    "oski_mean_max_error": 0.014894834726747921, 
    "oski_mean_spmv_time": 0.004820075940000001, 
    "oski_mean_time": 0.44082996851000006, 
    "phil_mean_max_error": 0.015981069680973684, 
    "phil_mean_spmv_time": 0.004820075940000001, 
    "phil_mean_time": 0.027096272370000004, 
    "pphil_mean_max_error": 0.0156696187619955, 
    "pphil_mean_spmv_time": 0.004820075940000001, 
    "pphil_mean_time": 0.00306207355
}