{
    "oski_mean_max_error": 0.009435403649947138, 
    "oski_mean_spmv_time": 0.0007617380400000003, 
    "oski_mean_time": 0.0641903118, 
    "phil_mean_max_error": 0.00684166766480944, 
    "phil_mean_spmv_time": 0.0007617380400000003, 
    "phil_mean_time": 0.021818764290000004, 
    "pphil_mean_max_error": 0.006823373882040195, 
    "pphil_mean_spmv_time": 0.0007617380400000003, 
    "pphil_mean_time": 0.00200161425
}