{
    "oski_mean_max_error": 0.040880670177525585, 
    "oski_mean_spmv_time": 0.01649803862, 
    "oski_mean_time": 0.28190318236, 
    "phil_mean_max_error": 0.00711747431901538, 
    "phil_mean_spmv_time": 0.01649803862, 
    "phil_mean_time": 0.02486601758, 
    "pphil_mean_max_error": 0.007236186381844322, 
    "pphil_mean_spmv_time": 0.01649803862, 
    "pphil_mean_time": 0.00242754303
}