{
    "oski_mean_max_error": 0.05691902839922915, 
    "oski_mean_spmv_time": 0.02228970406, 
    "oski_mean_time": 0.27760628598, 
    "phil_mean_max_error": 0.004620224200444958, 
    "phil_mean_spmv_time": 0.02228970406, 
    "phil_mean_time": 0.02425832713, 
    "pphil_mean_max_error": 0.008946561708797134, 
    "pphil_mean_spmv_time": 0.02228970406, 
    "pphil_mean_time": 0.003509697
}