{
    "oski_mean_max_error": 0.03796002250551832, 
    "oski_mean_spmv_time": 0.0019081634700000006, 
    "oski_mean_time": 0.17915504825000003, 
    "phil_mean_max_error": 0.02335802699685828, 
    "phil_mean_spmv_time": 0.0019081634700000006, 
    "phil_mean_time": 0.027734609110000003, 
    "pphil_mean_max_error": 0.01660006821910787, 
    "pphil_mean_spmv_time": 0.0019081634700000006, 
    "pphil_mean_time": 0.00245219585
}