{
    "oski_mean_max_error": 0.03720879607609815, 
    "oski_mean_spmv_time": 0.0019200354799999997, 
    "oski_mean_time": 0.18343874286000003, 
    "phil_mean_max_error": 0.022307295161493098, 
    "phil_mean_spmv_time": 0.0019200354799999997, 
    "phil_mean_time": 0.028853428610000002, 
    "pphil_mean_max_error": 0.022272916954560733, 
    "pphil_mean_spmv_time": 0.0019200354799999997, 
    "pphil_mean_time": 0.00287151659
}