{
    "oski_mean_max_error": 0.03554994249796545, 
    "oski_mean_spmv_time": 0.0014362164700000002, 
    "oski_mean_time": 0.18966353669, 
    "phil_mean_max_error": 0.023079986790166793, 
    "phil_mean_spmv_time": 0.0014362164700000002, 
    "phil_mean_time": 0.0272831351, 
    "pphil_mean_max_error": 0.022651629106253842, 
    "pphil_mean_spmv_time": 0.0014362164700000002, 
    "pphil_mean_time": 0.00263032035
}