{
    "oski_mean_max_error": 0.5107156308601188, 
    "oski_mean_spmv_time": 0.00058340588, 
    "oski_mean_time": 0.050092942380000005, 
    "phil_mean_max_error": 0.023369761393331558, 
    "phil_mean_spmv_time": 0.00058340588, 
    "phil_mean_time": 0.028881041090000004, 
    "pphil_mean_max_error": 0.02414202224943648, 
    "pphil_mean_spmv_time": 0.00058340588, 
    "pphil_mean_time": 0.0030573815000000002
}