{
    "oski_mean_max_error": 0.6910393114498693, 
    "oski_mean_spmv_time": 0.0005429793800000002, 
    "oski_mean_time": 0.04394618501, 
    "phil_mean_max_error": 0.01813766408253653, 
    "phil_mean_spmv_time": 0.0005429793800000002, 
    "phil_mean_time": 0.02844042586, 
    "pphil_mean_max_error": 0.016721842059792394, 
    "pphil_mean_spmv_time": 0.0005429793800000002, 
    "pphil_mean_time": 0.00297964522
}