{
    "oski_mean_max_error": 0.030264128205414527, 
    "oski_mean_spmv_time": 0.0020326661699999996, 
    "oski_mean_time": 0.25397442542, 
    "phil_mean_max_error": 0.02714783661815555, 
    "phil_mean_spmv_time": 0.0020326661699999996, 
    "phil_mean_time": 0.028505450300000002, 
    "pphil_mean_max_error": 0.02671986569684177, 
    "pphil_mean_spmv_time": 0.0020326661699999996, 
    "pphil_mean_time": 0.00328375501
}