{
    "oski_mean_max_error": 0.017565576648275488, 
    "oski_mean_spmv_time": 0.003964268470000001, 
    "oski_mean_time": 0.23674313009000003, 
    "phil_mean_max_error": 0.027793301839032482, 
    "phil_mean_spmv_time": 0.003964268470000001, 
    "phil_mean_time": 0.02761477965, 
    "pphil_mean_max_error": 0.031623108534968664, 
    "pphil_mean_spmv_time": 0.003964268470000001, 
    "pphil_mean_time": 0.00292289648
}