{
    "oski_mean_max_error": 0.028324381773674676, 
    "oski_mean_spmv_time": 0.0025492199500000002, 
    "oski_mean_time": 0.26220429945, 
    "phil_mean_max_error": 0.027371667666555157, 
    "phil_mean_spmv_time": 0.0025492199500000002, 
    "phil_mean_time": 0.026902659310000004, 
    "pphil_mean_max_error": 0.02683289975245746, 
    "pphil_mean_spmv_time": 0.0025492199500000002, 
    "pphil_mean_time": 0.0025261282100000003
}