{
    "oski_mean_max_error": 0.005040267649141439, 
    "oski_mean_spmv_time": 0.018537481729999996, 
    "oski_mean_time": 1.34516646435, 
    "phil_mean_max_error": 0.005492797258968908, 
    "phil_mean_spmv_time": 0.018537481729999996, 
    "phil_mean_time": 0.021291349960000004, 
    "pphil_mean_max_error": 0.009881286673925216, 
    "pphil_mean_spmv_time": 0.018537481729999996, 
    "pphil_mean_time": 0.0020002903900000002
}