{
    "oski_mean_max_error": 0.005202768103402223, 
    "oski_mean_spmv_time": 0.018196990919999993, 
    "oski_mean_time": 1.1706184158100001, 
    "phil_mean_max_error": 0.009628322755045238, 
    "phil_mean_spmv_time": 0.018196990919999993, 
    "phil_mean_time": 0.023344451420000002, 
    "pphil_mean_max_error": 0.009505921406417896, 
    "pphil_mean_spmv_time": 0.018196990919999993, 
    "pphil_mean_time": 0.0023283814800000003
}