{
    "oski_mean_max_error": 0.017708734735937478, 
    "oski_mean_spmv_time": 0.0004550533100000001, 
    "oski_mean_time": 0.03975453331, 
    "phil_mean_max_error": 0.010982594312738974, 
    "phil_mean_spmv_time": 0.0004550533100000001, 
    "phil_mean_time": 0.0211549403, 
    "pphil_mean_max_error": 0.005260818393550842, 
    "pphil_mean_spmv_time": 0.0004550533100000001, 
    "pphil_mean_time": 0.00200835023
}