{
    "oski_mean_max_error": 0.015297833613043876, 
    "oski_mean_spmv_time": 0.006667319209999998, 
    "oski_mean_time": 0.71586502609, 
    "phil_mean_max_error": 0.015767341358066463, 
    "phil_mean_spmv_time": 0.006667319209999998, 
    "phil_mean_time": 0.031631177850000004, 
    "pphil_mean_max_error": 0.02009356394714047, 
    "pphil_mean_spmv_time": 0.006667319209999998, 
    "pphil_mean_time": 0.0033583884000000005
}