{
    "oski_mean_max_error": 0.015823730069316165, 
    "oski_mean_spmv_time": 0.00726661345, 
    "oski_mean_time": 0.8014703750000001, 
    "phil_mean_max_error": 0.01856213843337223, 
    "phil_mean_spmv_time": 0.00726661345, 
    "phil_mean_time": 0.03251194176, 
    "pphil_mean_max_error": 0.018239174584898033, 
    "pphil_mean_spmv_time": 0.00726661345, 
    "pphil_mean_time": 0.00405181182
}