{
    "oski_mean_max_error": 0.0065667534417303795, 
    "oski_mean_spmv_time": 0.0034401681299999986, 
    "oski_mean_time": 0.23653502332, 
    "phil_mean_max_error": 0.03213987319162921, 
    "phil_mean_spmv_time": 0.0034401681299999986, 
    "phil_mean_time": 0.02239371617, 
    "pphil_mean_max_error": 0.03408744054641349, 
    "pphil_mean_spmv_time": 0.0034401681299999986, 
    "pphil_mean_time": 0.0021519424800000003
}