{
    "oski_mean_max_error": 0.013994077226425518, 
    "oski_mean_spmv_time": 0.00964969881, 
    "oski_mean_time": 0.45475622512, 
    "phil_mean_max_error": 0.00832078951842187, 
    "phil_mean_spmv_time": 0.00964969881, 
    "phil_mean_time": 0.02366192458, 
    "pphil_mean_max_error": 0.008900740806310686, 
    "pphil_mean_spmv_time": 0.00964969881, 
    "pphil_mean_time": 0.00225632324
}