{
    "oski_mean_max_error": 0.012345517805578831, 
    "oski_mean_spmv_time": 0.008813024269999997, 
    "oski_mean_time": 0.9455791212400001, 
    "phil_mean_max_error": 0.01825322194617945, 
    "phil_mean_spmv_time": 0.008813024269999997, 
    "phil_mean_time": 0.02880554929, 
    "pphil_mean_max_error": 0.03257668337178373, 
    "pphil_mean_spmv_time": 0.008813024269999997, 
    "pphil_mean_time": 0.00264378229
}