{
    "oski_mean_max_error": 0.03875851315876881, 
    "oski_mean_spmv_time": 0.00141093862, 
    "oski_mean_time": 0.19769362788000003, 
    "phil_mean_max_error": 0.01943050652702782, 
    "phil_mean_spmv_time": 0.00141093862, 
    "phil_mean_time": 0.027293172240000003, 
    "pphil_mean_max_error": 0.020045935372094446, 
    "pphil_mean_spmv_time": 0.00141093862, 
    "pphil_mean_time": 0.00255444523
}