{
    "oski_mean_max_error": 0.039060275885199204, 
    "oski_mean_spmv_time": 0.0030301771299999984, 
    "oski_mean_time": 0.19567776275, 
    "phil_mean_max_error": 0.02036797946979084, 
    "phil_mean_spmv_time": 0.0030301771299999984, 
    "phil_mean_time": 0.02772257208, 
    "pphil_mean_max_error": 0.019444906329709487, 
    "pphil_mean_spmv_time": 0.0030301771299999984, 
    "pphil_mean_time": 0.0025809076
}