{
    "oski_mean_max_error": 0.21950123805271235, 
    "oski_mean_spmv_time": 0.00261493253, 
    "oski_mean_time": 0.20758455252000002, 
    "phil_mean_max_error": 0.040627480587362756, 
    "phil_mean_spmv_time": 0.00261493253, 
    "phil_mean_time": 0.029429254690000003, 
    "pphil_mean_max_error": 0.030406015640251506, 
    "pphil_mean_spmv_time": 0.00261493253, 
    "pphil_mean_time": 0.00323871607
}