{
    "oski_mean_max_error": 0.31593160136954174, 
    "oski_mean_spmv_time": 0.0028736332416, 
    "oski_mean_time": 0.21192118673000004, 
    "phil_mean_max_error": 0.032672013342808004, 
    "phil_mean_spmv_time": 0.0028979964499999994, 
    "phil_mean_time": 0.03165406442, 
    "pphil_mean_max_error": 0.03236134785893648, 
    "pphil_mean_spmv_time": 0.0028979964499999994, 
    "pphil_mean_time": 0.00356129375
}