{
    "oski_mean_max_error": 0.044625669384218025, 
    "oski_mean_spmv_time": 0.00015606373, 
    "oski_mean_time": 0.05410565388, 
    "phil_mean_max_error": 0.01963997461210373, 
    "phil_mean_spmv_time": 0.00015606373, 
    "phil_mean_time": 0.02621529818, 
    "pphil_mean_max_error": 0.01955883731974102, 
    "pphil_mean_spmv_time": 0.00015606373, 
    "pphil_mean_time": 0.0024727003300000004
}