{
    "oski_mean_max_error": 0.016918722319671432, 
    "oski_mean_spmv_time": 0.011593407959999998, 
    "oski_mean_time": 0.62204356074, 
    "phil_mean_max_error": 0.03185353777022368, 
    "phil_mean_spmv_time": 0.011593407959999998, 
    "phil_mean_time": 0.04664863448, 
    "pphil_mean_max_error": 0.03124088362630343, 
    "pphil_mean_spmv_time": 0.011593407959999998, 
    "pphil_mean_time": 0.005188953820000001
}