{
    "oski_mean_max_error": 0.037939396002108314, 
    "oski_mean_spmv_time": 0.00032684277000000005, 
    "oski_mean_time": 0.07147694517, 
    "phil_mean_max_error": 0.032282349757227366, 
    "phil_mean_spmv_time": 0.00032684277000000005, 
    "phil_mean_time": 0.033533041140000004, 
    "pphil_mean_max_error": 0.031046087822690076, 
    "pphil_mean_spmv_time": 0.00032684277000000005, 
    "pphil_mean_time": 0.0037371355500000003
}