{
    "oski_mean_max_error": 0.032389078775847575, 
    "oski_mean_spmv_time": 0.00018697347000000002, 
    "oski_mean_time": 0.06004339618000001, 
    "phil_mean_max_error": 0.026285641260615087, 
    "phil_mean_spmv_time": 0.00018697347000000002, 
    "phil_mean_time": 0.03321285499, 
    "pphil_mean_max_error": 0.028487257654033676, 
    "pphil_mean_spmv_time": 0.00018697347000000002, 
    "pphil_mean_time": 0.0037531055800000004
}