{
    "oski_mean_max_error": 0.03905512022118225, 
    "oski_mean_spmv_time": 0.00044462622, 
    "oski_mean_time": 0.0711084411, 
    "phil_mean_max_error": 0.031385107995876835, 
    "phil_mean_spmv_time": 0.00044462622, 
    "phil_mean_time": 0.03332303535, 
    "pphil_mean_max_error": 0.030363727510153163, 
    "pphil_mean_spmv_time": 0.00044462622, 
    "pphil_mean_time": 0.00372233946
}