{
    "oski_mean_max_error": 0.027890464621058743, 
    "oski_mean_spmv_time": 0.0009603514200000003, 
    "oski_mean_time": 0.14983593643, 
    "phil_mean_max_error": 0.029321320336962504, 
    "phil_mean_spmv_time": 0.0009603514200000003, 
    "phil_mean_time": 0.03471222412, 
    "pphil_mean_max_error": 0.03156567851741324, 
    "pphil_mean_spmv_time": 0.0009603514200000003, 
    "pphil_mean_time": 0.00323858857
}