{
    "oski_mean_max_error": 0.012624584458092766, 
    "oski_mean_spmv_time": 0.00036735594, 
    "oski_mean_time": 0.03533084612, 
    "phil_mean_max_error": 0.006824960000326784, 
    "phil_mean_spmv_time": 0.00036735594, 
    "phil_mean_time": 0.02169918161, 
    "pphil_mean_max_error": 0.006644001997137672, 
    "pphil_mean_spmv_time": 0.00036735594, 
    "pphil_mean_time": 0.0019835813200000003
}