{
    "oski_mean_max_error": 0.01744716386155342, 
    "oski_mean_spmv_time": 0.0004402252299999999, 
    "oski_mean_time": 0.03959066573, 
    "phil_mean_max_error": 0.008020551851927543, 
    "phil_mean_spmv_time": 0.0004402252299999999, 
    "phil_mean_time": 0.02103948823, 
    "pphil_mean_max_error": 0.008911107489782352, 
    "pphil_mean_spmv_time": 0.0004402252299999999, 
    "pphil_mean_time": 0.00204448234
}