{
    "oski_mean_max_error": 3.666668888891852, 
    "oski_mean_spmv_time": 0.0073948862334999995, 
    "oski_mean_time": 0.18807441015, 
    "phil_mean_max_error": 0.01204350234141059, 
    "phil_mean_spmv_time": 0.00728481171, 
    "phil_mean_time": 0.024713340330000003, 
    "pphil_mean_max_error": 0.0127904883950958, 
    "pphil_mean_spmv_time": 0.00728481171, 
    "pphil_mean_time": 0.00279563375
}