{
    "oski_mean_max_error": 3.6666688266696004, 
    "oski_mean_spmv_time": 0.009742809533899997, 
    "oski_mean_time": 0.19360956283, 
    "phil_mean_max_error": 0.013059622511491745, 
    "phil_mean_spmv_time": 0.009998165680000002, 
    "phil_mean_time": 0.024898907980000003, 
    "pphil_mean_max_error": 0.014630517779349365, 
    "pphil_mean_spmv_time": 0.009998165680000002, 
    "pphil_mean_time": 0.00239091147
}