{
    "oski_mean_max_error": 0.26146432058255714, 
    "oski_mean_spmv_time": 2.564446e-05, 
    "oski_mean_time": 0.00202279158, 
    "phil_mean_max_error": 0.017504812185339533, 
    "phil_mean_spmv_time": 2.564446e-05, 
    "phil_mean_time": 0.02164612973, 
    "pphil_mean_max_error": 0.06850336367631632, 
    "pphil_mean_spmv_time": 2.564446e-05, 
    "pphil_mean_time": 0.0020012436
}