{
    "oski_mean_max_error": 0.17173336572134162, 
    "oski_mean_spmv_time": 2.564446000000001e-05, 
    "oski_mean_time": 0.0019250039820000002, 
    "phil_mean_max_error": 0.04149781594707762, 
    "phil_mean_spmv_time": 2.564446000000001e-05, 
    "phil_mean_time": 0.022004575348000002, 
    "pphil_mean_max_error": 0.05919654483325432, 
    "pphil_mean_spmv_time": 2.564446000000001e-05, 
    "pphil_mean_time": 0.0020374652580000003
}