{
    "oski_mean_max_error": 3.6668889185224702, 
    "oski_mean_spmv_time": 8.032653000000003e-05, 
    "oski_mean_time": 0.0006854735600000001, 
    "phil_mean_max_error": 0.0004474598835572214, 
    "phil_mean_spmv_time": 4.753444e-05, 
    "phil_mean_time": 0.02159189407, 
    "pphil_mean_max_error": 0.014269287663080572, 
    "pphil_mean_spmv_time": 4.753444e-05, 
    "pphil_mean_time": 0.0028893157400000005
}