{
    "oski_mean_max_error": 0.04302878817802811, 
    "oski_mean_spmv_time": 0.0023938556800000006, 
    "oski_mean_time": 0.29945357058000005, 
    "phil_mean_max_error": 0.04792216211202635, 
    "phil_mean_spmv_time": 0.0023938556800000006, 
    "phil_mean_time": 0.02939542937, 
    "pphil_mean_max_error": 0.04834400005356172, 
    "pphil_mean_spmv_time": 0.0023938556800000006, 
    "pphil_mean_time": 0.00291936391
}