{
    "oski_mean_max_error": 0.042002399885032765, 
    "oski_mean_spmv_time": 0.0022858653099999994, 
    "oski_mean_time": 0.29898911357, 
    "phil_mean_max_error": 0.0439358662922236, 
    "phil_mean_spmv_time": 0.0022858653099999994, 
    "phil_mean_time": 0.029587204960000002, 
    "pphil_mean_max_error": 0.04807994897930308, 
    "pphil_mean_spmv_time": 0.0022858653099999994, 
    "pphil_mean_time": 0.0035586868400000003
}