{
    "oski_mean_max_error": 0.041118984071893294, 
    "oski_mean_spmv_time": 0.0005656408000000002, 
    "oski_mean_time": 0.09011942073, 
    "phil_mean_max_error": 0.024287481895689425, 
    "phil_mean_spmv_time": 0.0005656408000000002, 
    "phil_mean_time": 0.03028273457, 
    "pphil_mean_max_error": 0.023354563322310975, 
    "pphil_mean_spmv_time": 0.0005656408000000002, 
    "pphil_mean_time": 0.0027937019000000003
}