{
    "oski_mean_max_error": 0.039781353327022116, 
    "oski_mean_spmv_time": 0.0003029360699999999, 
    "oski_mean_time": 0.08913808382, 
    "phil_mean_max_error": 0.023256604377468938, 
    "phil_mean_spmv_time": 0.0003029360699999999, 
    "phil_mean_time": 0.030259871740000003, 
    "pphil_mean_max_error": 0.024118210484888575, 
    "pphil_mean_spmv_time": 0.0003029360699999999, 
    "pphil_mean_time": 0.0028287946600000003
}