{
    "oski_mean_max_error": 0.027031124133250532, 
    "oski_mean_spmv_time": 0.00019811323000000017, 
    "oski_mean_time": 0.0284134396, 
    "phil_mean_max_error": 0.00376986789005211, 
    "phil_mean_spmv_time": 0.00019811323000000017, 
    "phil_mean_time": 0.02055420506, 
    "pphil_mean_max_error": 0.004300142114221126, 
    "pphil_mean_spmv_time": 0.00019811323000000017, 
    "pphil_mean_time": 0.00192128408
}