{
    "oski_mean_max_error": 0.027471130750968843, 
    "oski_mean_spmv_time": 0.00030807451999999996, 
    "oski_mean_time": 0.02797111369, 
    "phil_mean_max_error": 0.004038761973027621, 
    "phil_mean_spmv_time": 0.00030807451999999996, 
    "phil_mean_time": 0.02118737868, 
    "pphil_mean_max_error": 0.003967186290219054, 
    "pphil_mean_spmv_time": 0.00030807451999999996, 
    "pphil_mean_time": 0.00194227418
}