{
    "oski_mean_max_error": 0.01890840378892481, 
    "oski_mean_spmv_time": 0.0019416457900000006, 
    "oski_mean_time": 0.23434008115000002, 
    "phil_mean_max_error": 0.03558094920338546, 
    "phil_mean_spmv_time": 0.0019416457900000006, 
    "phil_mean_time": 0.026488860560000004, 
    "pphil_mean_max_error": 0.03404621589909485, 
    "pphil_mean_spmv_time": 0.0019416457900000006, 
    "pphil_mean_time": 0.00306890604
}