{
    "oski_mean_max_error": 0.01801683672065851, 
    "oski_mean_spmv_time": 0.0028452892140000004, 
    "oski_mean_time": 0.23372894500000002, 
    "phil_mean_max_error": 0.03410501886619721, 
    "phil_mean_spmv_time": 0.0027825911720000007, 
    "phil_mean_time": 0.02665007085, 
    "pphil_mean_max_error": 0.03484090197572851, 
    "pphil_mean_spmv_time": 0.0027711915280000006, 
    "pphil_mean_time": 0.0030045755000000004
}