{
    "oski_mean_max_error": 0.35900746277479056, 
    "oski_mean_spmv_time": 0.005622680313500002, 
    "oski_mean_time": 0.29685768692000003, 
    "phil_mean_max_error": 0.01794276386108226, 
    "phil_mean_spmv_time": 0.005597162840000002, 
    "phil_mean_time": 0.034094630460000004, 
    "pphil_mean_max_error": 0.01755844024366537, 
    "pphil_mean_spmv_time": 0.005597162840000002, 
    "pphil_mean_time": 0.00351059814
}