{
    "oski_mean_max_error": 0.5582449583716192, 
    "oski_mean_spmv_time": 0.005952223300000001, 
    "oski_mean_time": 0.27033181576, 
    "phil_mean_max_error": 0.016399411414844967, 
    "phil_mean_spmv_time": 0.005952223300000001, 
    "phil_mean_time": 0.03329648334, 
    "pphil_mean_max_error": 0.02198932882611122, 
    "pphil_mean_spmv_time": 0.005952223300000001, 
    "pphil_mean_time": 0.00359169077
}