{
    "oski_mean_max_error": 0.041511813040624575, 
    "oski_mean_spmv_time": 0.012911534169999994, 
    "oski_mean_time": 0.93673384236, 
    "phil_mean_max_error": 0.014768291829520415, 
    "phil_mean_spmv_time": 0.012911534169999994, 
    "phil_mean_time": 0.05049832990000001, 
    "pphil_mean_max_error": 0.0166459975322712, 
    "pphil_mean_spmv_time": 0.012911534169999994, 
    "pphil_mean_time": 0.00520784873
}