{
    "oski_mean_max_error": 0.024656880396239277, 
    "oski_mean_spmv_time": 0.01225756105, 
    "oski_mean_time": 1.02235183733, 
    "phil_mean_max_error": 0.015484208968425284, 
    "phil_mean_spmv_time": 0.01225756105, 
    "phil_mean_time": 0.051955649310000004, 
    "pphil_mean_max_error": 0.016213449627765456, 
    "pphil_mean_spmv_time": 0.01225756105, 
    "pphil_mean_time": 0.00485061492
}