{
    "oski_mean_max_error": 0.029974439135527622, 
    "oski_mean_spmv_time": 0.0018474082000000012, 
    "oski_mean_time": 0.24150421938, 
    "phil_mean_max_error": 0.023876947285087623, 
    "phil_mean_spmv_time": 0.0018474082000000012, 
    "phil_mean_time": 0.027569075200000005, 
    "pphil_mean_max_error": 0.023317974304922818, 
    "pphil_mean_spmv_time": 0.0018474082000000012, 
    "pphil_mean_time": 0.0032471030700000005
}