{
    "oski_mean_max_error": 0.03203414913318602, 
    "oski_mean_spmv_time": 0.0024616866999999996, 
    "oski_mean_time": 0.24219393582, 
    "phil_mean_max_error": 0.024246860820080766, 
    "phil_mean_spmv_time": 0.0024616866999999996, 
    "phil_mean_time": 0.02893402854, 
    "pphil_mean_max_error": 0.0241853812206501, 
    "pphil_mean_spmv_time": 0.0024616866999999996, 
    "pphil_mean_time": 0.00299791387
}