{
    "oski_mean_max_error": 0.07693315972313285, 
    "oski_mean_spmv_time": 0.0035084281008, 
    "oski_mean_time": 0.31520825309, 
    "phil_mean_max_error": 0.03749001227385822, 
    "phil_mean_spmv_time": 0.003237543291600001, 
    "phil_mean_time": 0.03680567891, 
    "pphil_mean_max_error": 0.039425677962829225, 
    "pphil_mean_spmv_time": 0.0031822638780000002, 
    "pphil_mean_time": 0.00375506597
}