{
    "oski_mean_max_error": 0.0750001951845162, 
    "oski_mean_spmv_time": 0.00296386686, 
    "oski_mean_time": 0.31271056843, 
    "phil_mean_max_error": 0.04092776661435868, 
    "phil_mean_spmv_time": 0.00296386686, 
    "phil_mean_time": 0.03648215525, 
    "pphil_mean_max_error": 0.03605021155205857, 
    "pphil_mean_spmv_time": 0.00296386686, 
    "pphil_mean_time": 0.00401844694
}