{
    "oski_mean_max_error": 0.01587259867846508, 
    "oski_mean_spmv_time": 0.00021743349, 
    "oski_mean_time": 0.007770485580000001, 
    "phil_mean_max_error": 0.008062106664898355, 
    "phil_mean_spmv_time": 0.00021743349, 
    "phil_mean_time": 0.0076040959699999995, 
    "pphil_mean_max_error": 0.008749058286848821, 
    "pphil_mean_spmv_time": 0.00021743349, 
    "pphil_mean_time": 0.0007653964700000001
}