{
    "oski_mean_max_error": 0.0150196888749381, 
    "oski_mean_spmv_time": 0.00020805874000000003, 
    "oski_mean_time": 0.00824921564, 
    "phil_mean_max_error": 0.15614808131438124, 
    "phil_mean_spmv_time": 0.00020805874000000003, 
    "phil_mean_time": 6.350429e-05, 
    "pphil_mean_max_error": 0.12284785846814789, 
    "pphil_mean_spmv_time": 0.00020805874000000003, 
    "pphil_mean_time": 0.00016241290000000003
}