{
    "oski_mean_max_error": 0.009033209662677013, 
    "oski_mean_spmv_time": 0.00020805874000000008, 
    "oski_mean_time": 0.0079413543, 
    "phil_mean_max_error": 0.0706486999770892, 
    "phil_mean_spmv_time": 0.00020805874000000008, 
    "phil_mean_time": 6.5143602e-05, 
    "pphil_mean_max_error": 0.06490182798048033, 
    "pphil_mean_spmv_time": 0.00020805874000000008, 
    "pphil_mean_time": 0.000190899446
}