{
    "oski_mean_max_error": 0.015045061886717483, 
    "oski_mean_spmv_time": 0.00018727658, 
    "oski_mean_time": 0.007623112190000001, 
    "phil_mean_max_error": 0.10479590389590822, 
    "phil_mean_spmv_time": 0.00018727658, 
    "phil_mean_time": 8.416898000000001e-05, 
    "pphil_mean_max_error": 0.09477898181260182, 
    "pphil_mean_spmv_time": 0.00018727658, 
    "pphil_mean_time": 5.252964000000001e-05
}