{
    "oski_mean_max_error": 0.004424684770251816, 
    "oski_mean_spmv_time": 0.0038129135100000017, 
    "oski_mean_time": 0.04950957005, 
    "phil_mean_max_error": 0.007544581142553055, 
    "phil_mean_spmv_time": 0.0038129135100000017, 
    "phil_mean_time": 0.008738510540000001, 
    "pphil_mean_max_error": 0.007513715334264204, 
    "pphil_mean_spmv_time": 0.0038129135100000017, 
    "pphil_mean_time": 0.0008266789200000001
}