{
    "oski_mean_max_error": 0.004771248966570012, 
    "oski_mean_spmv_time": 0.014296070120000002, 
    "oski_mean_time": 0.16809218699300002, 
    "phil_mean_max_error": 0.05250371711752722, 
    "phil_mean_spmv_time": 0.014296070120000002, 
    "phil_mean_time": 5.7259288e-05, 
    "pphil_mean_max_error": 0.12471576436417114, 
    "pphil_mean_spmv_time": 0.014296070120000002, 
    "pphil_mean_time": 0.00016520784
}