{
    "oski_mean_max_error": 0.007915442619884848, 
    "oski_mean_spmv_time": 0.00408464914, 
    "oski_mean_time": 0.05419063423000001, 
    "phil_mean_max_error": 0.07545240478918548, 
    "phil_mean_spmv_time": 0.00408464914, 
    "phil_mean_time": 5.4229660000000004e-05, 
    "pphil_mean_max_error": 0.06494491635720857, 
    "pphil_mean_spmv_time": 0.00408464914, 
    "pphil_mean_time": 0.00016199122
}