{
    "oski_mean_max_error": 0.004632022055479661, 
    "oski_mean_spmv_time": 0.0040846491399999995, 
    "oski_mean_time": 0.054249983419, 
    "phil_mean_max_error": 0.13227306311724082, 
    "phil_mean_spmv_time": 0.0040846491399999995, 
    "phil_mean_time": 5.404222400000001e-05, 
    "pphil_mean_max_error": 0.08627386502649373, 
    "pphil_mean_spmv_time": 0.0040846491399999995, 
    "pphil_mean_time": 0.00016300521400000001
}