{
    "oski_mean_max_error": 0.004135139987137904, 
    "oski_mean_spmv_time": 0.003982587119999999, 
    "oski_mean_time": 0.049319497860000006, 
    "phil_mean_max_error": 0.08960238560068491, 
    "phil_mean_spmv_time": 0.0040947339944, 
    "phil_mean_time": 0.00010008742000000001, 
    "pphil_mean_max_error": 0.0959874517583523, 
    "pphil_mean_spmv_time": 0.0040767595252, 
    "pphil_mean_time": 4.3515080000000005e-05
}