{
    "oski_mean_max_error": 0.0018647116163682384, 
    "oski_mean_spmv_time": 0.0048219151800000006, 
    "oski_mean_time": 0.054503490450000004, 
    "phil_mean_max_error": 0.0964444480495024, 
    "phil_mean_spmv_time": 0.0048219151800000006, 
    "phil_mean_time": 8.385405999999999e-05, 
    "pphil_mean_max_error": 0.09317425865526528, 
    "pphil_mean_spmv_time": 0.0048219151800000006, 
    "pphil_mean_time": 4.872632e-05
}