{
    "oski_mean_max_error": 0.001687301856384911, 
    "oski_mean_spmv_time": 0.0049789993800000015, 
    "oski_mean_time": 0.07612791504199999, 
    "phil_mean_max_error": 0.07321584236825865, 
    "phil_mean_spmv_time": 0.0049789993800000015, 
    "phil_mean_time": 4.3350174000000006e-05, 
    "pphil_mean_max_error": 0.04483345062162799, 
    "pphil_mean_spmv_time": 0.0049789993800000015, 
    "pphil_mean_time": 0.000165412329
}