{
    "oski_mean_max_error": 0.001057102954589068, 
    "oski_mean_spmv_time": 0.0049789993800000015, 
    "oski_mean_time": 0.07758537089, 
    "phil_mean_max_error": 0.11521414373371931, 
    "phil_mean_spmv_time": 0.0049789993800000015, 
    "phil_mean_time": 4.329914000000001e-05, 
    "pphil_mean_max_error": 0.06295347930967987, 
    "pphil_mean_spmv_time": 0.0049789993800000015, 
    "pphil_mean_time": 0.00016200096
}