{
    "oski_mean_max_error": 0.003520321962442416, 
    "oski_mean_spmv_time": 0.0020954579299999995, 
    "oski_mean_time": 0.034704816448000005, 
    "phil_mean_max_error": 0.019958594900824, 
    "phil_mean_spmv_time": 0.0020954579299999995, 
    "phil_mean_time": 5.6729345e-05, 
    "pphil_mean_max_error": 0.025465628653147224, 
    "pphil_mean_spmv_time": 0.0020954579299999995, 
    "pphil_mean_time": 0.00016855288400000003
}