{
    "oski_mean_max_error": 0.0037617230469900766, 
    "oski_mean_spmv_time": 0.0023075752600000003, 
    "oski_mean_time": 0.03277326572, 
    "phil_mean_max_error": 0.003322636628677867, 
    "phil_mean_spmv_time": 0.0023075752600000003, 
    "phil_mean_time": 0.0083692012, 
    "pphil_mean_max_error": 0.003651446618729071, 
    "pphil_mean_spmv_time": 0.0023075752600000003, 
    "pphil_mean_time": 0.00081759305
}