{
    "oski_mean_max_error": 0.0017645346416535442, 
    "oski_mean_spmv_time": 0.002095457929999999, 
    "oski_mean_time": 0.03483565629, 
    "phil_mean_max_error": 0.033353825796632985, 
    "phil_mean_spmv_time": 0.002095457929999999, 
    "phil_mean_time": 5.7179400000000003e-05, 
    "pphil_mean_max_error": 0.01310304286155789, 
    "pphil_mean_spmv_time": 0.002095457929999999, 
    "pphil_mean_time": 0.00016475806000000001
}