{
    "oski_mean_max_error": 0.009352742925686107, 
    "oski_mean_spmv_time": 0.002891349599999999, 
    "oski_mean_time": 0.0203182795, 
    "phil_mean_max_error": 0.1092950549918076, 
    "phil_mean_spmv_time": 0.002891349599999999, 
    "phil_mean_time": 6.133214000000001e-05, 
    "pphil_mean_max_error": 0.18893892740115706, 
    "pphil_mean_spmv_time": 0.002891349599999999, 
    "pphil_mean_time": 0.00017628783000000003
}