{
    "oski_mean_max_error": 0.01442201779773748, 
    "oski_mean_spmv_time": 0.0014275169600000007, 
    "oski_mean_time": 0.019032290780000002, 
    "phil_mean_max_error": 0.00823507190524449, 
    "phil_mean_spmv_time": 0.0014275169600000007, 
    "phil_mean_time": 0.008022156450000002, 
    "pphil_mean_max_error": 0.007948970635877364, 
    "pphil_mean_spmv_time": 0.0014275169600000007, 
    "pphil_mean_time": 0.0007914878900000001
}