{
    "oski_mean_max_error": 0.010232493450600762, 
    "oski_mean_spmv_time": 0.0028913496000000003, 
    "oski_mean_time": 0.020420890747, 
    "phil_mean_max_error": 0.09344938512411073, 
    "phil_mean_spmv_time": 0.0028913496000000003, 
    "phil_mean_time": 6.0939026000000005e-05, 
    "pphil_mean_max_error": 0.07837622016707449, 
    "pphil_mean_spmv_time": 0.0028913496000000003, 
    "pphil_mean_time": 0.00016494402100000004
}