{
    "oski_mean_max_error": 0.015626392111217347, 
    "oski_mean_spmv_time": 0.002787315249999999, 
    "oski_mean_time": 0.01953384667, 
    "phil_mean_max_error": 0.09684040292940288, 
    "phil_mean_spmv_time": 0.0023247674293999997, 
    "phil_mean_time": 9.241495000000001e-05, 
    "pphil_mean_max_error": 0.1000496797862906, 
    "pphil_mean_spmv_time": 0.0023231530899, 
    "pphil_mean_time": 4.855494e-05
}