{
    "oski_mean_max_error": 0.0017093884245997326, 
    "oski_mean_spmv_time": 0.01479066843, 
    "oski_mean_time": 0.14949841753, 
    "phil_mean_max_error": 0.07270426373190494, 
    "phil_mean_spmv_time": 0.01479066843, 
    "phil_mean_time": 7.805117e-05, 
    "pphil_mean_max_error": 0.08248350025339853, 
    "pphil_mean_spmv_time": 0.01479066843, 
    "pphil_mean_time": 0.00016805808000000002
}