{
    "oski_mean_max_error": 0.0027293210913004974, 
    "oski_mean_spmv_time": 0.011508545359999995, 
    "oski_mean_time": 0.14018690036, 
    "phil_mean_max_error": 0.007126936285322814, 
    "phil_mean_spmv_time": 0.011508545359999995, 
    "phil_mean_time": 0.012448188, 
    "pphil_mean_max_error": 0.0075985622004461, 
    "pphil_mean_spmv_time": 0.011508545359999995, 
    "pphil_mean_time": 0.00152010625
}