{
    "oski_mean_max_error": 0.032215688323963376, 
    "oski_mean_spmv_time": 0.01277257662, 
    "oski_mean_time": 0.054539399579, 
    "phil_mean_max_error": 0.051764020415395705, 
    "phil_mean_spmv_time": 0.01277257662, 
    "phil_mean_time": 8.685263800000001e-05, 
    "pphil_mean_max_error": 0.0819370515738911, 
    "pphil_mean_spmv_time": 0.01277257662, 
    "pphil_mean_time": 0.00017533699900000002
}