{
    "oski_mean_max_error": 0.023167109254746493, 
    "oski_mean_spmv_time": 0.010334313090000002, 
    "oski_mean_time": 0.05414143633, 
    "phil_mean_max_error": 0.005373744036288158, 
    "phil_mean_spmv_time": 0.010334313090000002, 
    "phil_mean_time": 0.012170450530000002, 
    "pphil_mean_max_error": 0.005669985626144279, 
    "pphil_mean_spmv_time": 0.010334313090000002, 
    "pphil_mean_time": 0.0011969809600000001
}