{
    "oski_mean_max_error": 0.01915478729393693, 
    "oski_mean_spmv_time": 0.0022665025, 
    "oski_mean_time": 0.0240963382, 
    "phil_mean_max_error": 0.07513936590688297, 
    "phil_mean_spmv_time": 0.0022665025, 
    "phil_mean_time": 7.968218000000001e-05, 
    "pphil_mean_max_error": 0.05067212318157546, 
    "pphil_mean_spmv_time": 0.0022665025, 
    "pphil_mean_time": 0.00019517852000000002
}