{
    "oski_mean_max_error": 0.019134197311439557, 
    "oski_mean_spmv_time": 0.00355987198, 
    "oski_mean_time": 0.02599369643, 
    "phil_mean_max_error": 0.008414952169429292, 
    "phil_mean_spmv_time": 0.00355987198, 
    "phil_mean_time": 0.010383012310000002, 
    "pphil_mean_max_error": 0.008704622747935603, 
    "pphil_mean_spmv_time": 0.00355987198, 
    "pphil_mean_time": 0.0009791669500000002
}