{
    "oski_mean_max_error": 0.020961100923513755, 
    "oski_mean_spmv_time": 0.0044021825199, 
    "oski_mean_time": 0.02576231319, 
    "phil_mean_max_error": 0.10166274100638287, 
    "phil_mean_spmv_time": 0.0042534804301, 
    "phil_mean_time": 0.00011819846, 
    "pphil_mean_max_error": 0.10563803141248782, 
    "pphil_mean_spmv_time": 0.004240617941300001, 
    "pphil_mean_time": 5.0019620000000006e-05
}