{
    "oski_mean_max_error": 0.00871437186950252, 
    "oski_mean_spmv_time": 0.0022665025000000007, 
    "oski_mean_time": 0.023514722031000003, 
    "phil_mean_max_error": 0.15577828751067296, 
    "phil_mean_spmv_time": 0.0022665025000000007, 
    "phil_mean_time": 7.876831700000001e-05, 
    "pphil_mean_max_error": 0.0712309041276392, 
    "pphil_mean_spmv_time": 0.0027839932900000017, 
    "pphil_mean_time": 0.00019725658000000002
}