{
    "oski_mean_max_error": 0.023986670702668276, 
    "oski_mean_spmv_time": 0.0002375827300000001, 
    "oski_mean_time": 0.0075307501200000005, 
    "phil_mean_max_error": 0.10124318483366673, 
    "phil_mean_spmv_time": 0.0002548412066000001, 
    "phil_mean_time": 8.339046e-05, 
    "pphil_mean_max_error": 0.10992128853249364, 
    "pphil_mean_spmv_time": 0.0002574679692000001, 
    "pphil_mean_time": 5.083611e-05
}