{
    "oski_mean_max_error": 0.017016361304068615, 
    "oski_mean_spmv_time": 0.00025031338000000005, 
    "oski_mean_time": 0.007570769288, 
    "phil_mean_max_error": 0.10111092876839373, 
    "phil_mean_spmv_time": 0.00025031338000000005, 
    "phil_mean_time": 6.0235718e-05, 
    "pphil_mean_max_error": 0.0775827806762735, 
    "pphil_mean_spmv_time": 0.00025031338000000005, 
    "pphil_mean_time": 0.00017126978700000002
}