{
    "oski_mean_max_error": 0.024815082100158672, 
    "oski_mean_spmv_time": 0.00018558442999999997, 
    "oski_mean_time": 0.00711472835, 
    "phil_mean_max_error": 0.008354527818734747, 
    "phil_mean_spmv_time": 0.00018558442999999997, 
    "phil_mean_time": 0.00800076094, 
    "pphil_mean_max_error": 0.008318468125941215, 
    "pphil_mean_spmv_time": 0.00018558442999999997, 
    "pphil_mean_time": 0.00079663515
}