{
    "oski_mean_max_error": 0.06039692780081514, 
    "oski_mean_spmv_time": 0.004044227110000001, 
    "oski_mean_time": 0.02314529034, 
    "phil_mean_max_error": 0.0053701058744229, 
    "phil_mean_spmv_time": 0.004044227110000001, 
    "phil_mean_time": 0.00841413954, 
    "pphil_mean_max_error": 0.005493566548536472, 
    "pphil_mean_spmv_time": 0.004044227110000001, 
    "pphil_mean_time": 0.0008191925900000001
}