{
    "oski_mean_max_error": 0.05500357910227287, 
    "oski_mean_spmv_time": 0.004207410869999998, 
    "oski_mean_time": 0.02525811091, 
    "phil_mean_max_error": 0.04936237858839936, 
    "phil_mean_spmv_time": 0.004207410869999998, 
    "phil_mean_time": 6.329266e-05, 
    "pphil_mean_max_error": 0.03971274117129543, 
    "pphil_mean_spmv_time": 0.004207410869999998, 
    "pphil_mean_time": 0.00016334643
}