{
    "oski_mean_max_error": 0.0699062652456638, 
    "oski_mean_spmv_time": 0.00405147431, 
    "oski_mean_time": 0.02418620175, 
    "phil_mean_max_error": 0.06405833920193187, 
    "phil_mean_spmv_time": 0.00405147431, 
    "phil_mean_time": 9.489259e-05, 
    "pphil_mean_max_error": 0.06403543168066472, 
    "pphil_mean_spmv_time": 0.00405147431, 
    "pphil_mean_time": 4.6827810000000007e-05
}