{
    "oski_mean_max_error": 0.05632845492140717, 
    "oski_mean_spmv_time": 0.004207410869999999, 
    "oski_mean_time": 0.024791022114, 
    "phil_mean_max_error": 0.056375145761788155, 
    "phil_mean_spmv_time": 0.004207410869999999, 
    "phil_mean_time": 6.356029e-05, 
    "pphil_mean_max_error": 0.03295818705080009, 
    "pphil_mean_spmv_time": 0.004207410869999999, 
    "pphil_mean_time": 0.00017128852600000003
}