{
    "oski_mean_max_error": 0.0035435325370032655, 
    "oski_mean_spmv_time": 0.007708251939999999, 
    "oski_mean_time": 0.11694407203000001, 
    "phil_mean_max_error": 0.08511290589774267, 
    "phil_mean_spmv_time": 0.007708251939999999, 
    "phil_mean_time": 0.00011756820000000001, 
    "pphil_mean_max_error": 0.08894639549122015, 
    "pphil_mean_spmv_time": 0.007708251939999999, 
    "pphil_mean_time": 4.622292e-05
}