{
    "oski_mean_max_error": 0.005303637455254907, 
    "oski_mean_spmv_time": 0.008158727370000002, 
    "oski_mean_time": 0.12388507094000001, 
    "phil_mean_max_error": 0.07734439669542373, 
    "phil_mean_spmv_time": 0.008158727370000002, 
    "phil_mean_time": 6.533777e-05, 
    "pphil_mean_max_error": 0.039300132285633144, 
    "pphil_mean_spmv_time": 0.008158727370000002, 
    "pphil_mean_time": 0.00016204385000000003
}