{
    "oski_mean_max_error": 0.0022384991289383194, 
    "oski_mean_spmv_time": 0.008158727370000004, 
    "oski_mean_time": 0.12239269393, 
    "phil_mean_max_error": 0.17022563653739334, 
    "phil_mean_spmv_time": 0.008158727370000004, 
    "phil_mean_time": 6.5736216e-05, 
    "pphil_mean_max_error": 0.14415842972310353, 
    "pphil_mean_spmv_time": 0.008158727370000004, 
    "pphil_mean_time": 0.000215477419
}