{
    "oski_mean_max_error": 0.020421555128279853, 
    "oski_mean_spmv_time": 0.00032965408999999994, 
    "oski_mean_time": 0.005096300670000001, 
    "phil_mean_max_error": 0.004644099047420555, 
    "phil_mean_spmv_time": 0.00032965408999999994, 
    "phil_mean_time": 0.0087764057, 
    "pphil_mean_max_error": 0.004808921614123521, 
    "pphil_mean_spmv_time": 0.00032965408999999994, 
    "pphil_mean_time": 0.0008345801800000001
}