{
    "oski_mean_max_error": 0.015134491477701994, 
    "oski_mean_spmv_time": 0.00033596605999999986, 
    "oski_mean_time": 0.004180633560000001, 
    "phil_mean_max_error": 0.07998500061149215, 
    "phil_mean_spmv_time": 0.00033596605999999986, 
    "phil_mean_time": 7.915675000000001e-05, 
    "pphil_mean_max_error": 0.05091394197990233, 
    "pphil_mean_spmv_time": 0.00033596605999999986, 
    "pphil_mean_time": 0.00017702913
}