{
    "oski_mean_max_error": 0.04251970677762348, 
    "oski_mean_spmv_time": 0.00033596605999999997, 
    "oski_mean_time": 0.004735583393, 
    "phil_mean_max_error": 0.044816379234876975, 
    "phil_mean_spmv_time": 0.00033596605999999997, 
    "phil_mean_time": 8.1919739e-05, 
    "pphil_mean_max_error": 0.03594521287144019, 
    "pphil_mean_spmv_time": 0.00033596605999999997, 
    "pphil_mean_time": 0.00016590495000000003
}