{
    "oski_mean_max_error": 0.021825543538867266, 
    "oski_mean_spmv_time": 0.00038669833999999993, 
    "oski_mean_time": 0.00473904037, 
    "phil_mean_max_error": 0.056724976307488004, 
    "phil_mean_spmv_time": 0.00038669833999999993, 
    "phil_mean_time": 0.00011452361000000002, 
    "pphil_mean_max_error": 0.06561115948249395, 
    "pphil_mean_spmv_time": 0.00038669833999999993, 
    "pphil_mean_time": 4.523051e-05
}