{
    "oski_mean_max_error": 0.0024457187769936213, 
    "oski_mean_spmv_time": 0.00825494964, 
    "oski_mean_time": 0.07147769217, 
    "phil_mean_max_error": 0.07306351865977789, 
    "phil_mean_spmv_time": 0.00825494964, 
    "phil_mean_time": 7.799183200000002e-05, 
    "pphil_mean_max_error": 0.09025392497125276, 
    "pphil_mean_spmv_time": 0.00825494964, 
    "pphil_mean_time": 0.00018023122
}