{
    "oski_mean_max_error": 0.007968487900060422, 
    "oski_mean_spmv_time": 0.008254949639999997, 
    "oski_mean_time": 0.07049429975, 
    "phil_mean_max_error": 0.05760073094901288, 
    "phil_mean_spmv_time": 0.008254949639999997, 
    "phil_mean_time": 7.715817000000001e-05, 
    "pphil_mean_max_error": 0.13737366277912294, 
    "pphil_mean_spmv_time": 0.008254949639999997, 
    "pphil_mean_time": 0.00017687054000000002
}