{
    "oski_mean_max_error": 0.004182028827122397, 
    "oski_mean_spmv_time": 0.0020752502399999997, 
    "oski_mean_time": 0.029307165011000003, 
    "phil_mean_max_error": 0.06357448381472185, 
    "phil_mean_spmv_time": 0.0020752502399999997, 
    "phil_mean_time": 5.8658422e-05, 
    "pphil_mean_max_error": 0.0540068469320244, 
    "pphil_mean_spmv_time": 0.0020752502399999997, 
    "pphil_mean_time": 0.00017633539200000002
}