{
    "oski_mean_max_error": 0.008300004189845861, 
    "oski_mean_spmv_time": 0.0019807893700000004, 
    "oski_mean_time": 0.027832564480000002, 
    "phil_mean_max_error": 0.005848255791893984, 
    "phil_mean_spmv_time": 0.0019807893700000004, 
    "phil_mean_time": 0.00828298828, 
    "pphil_mean_max_error": 0.0061333720152935735, 
    "pphil_mean_spmv_time": 0.0019807893700000004, 
    "pphil_mean_time": 0.0007529418
}