{
    "oski_mean_max_error": 0.0046484523425723, 
    "oski_mean_spmv_time": 0.00507762622, 
    "oski_mean_time": 0.058557167050000004, 
    "phil_mean_max_error": 0.07508508534881247, 
    "phil_mean_spmv_time": 0.00507762622, 
    "phil_mean_time": 0.00010544403, 
    "pphil_mean_max_error": 0.07401886283991227, 
    "pphil_mean_spmv_time": 0.00507762622, 
    "pphil_mean_time": 5.354106e-05
}