{
    "oski_mean_max_error": 0.006960529353869075, 
    "oski_mean_spmv_time": 0.004858200860000001, 
    "oski_mean_time": 0.0614882755, 
    "phil_mean_max_error": 0.0619929485067001, 
    "phil_mean_spmv_time": 0.004858200860000001, 
    "phil_mean_time": 6.924404e-05, 
    "pphil_mean_max_error": 0.06042408799125068, 
    "pphil_mean_spmv_time": 0.004858200860000001, 
    "pphil_mean_time": 0.00016327103000000003
}