{
    "oski_mean_max_error": 0.0015480585522804487, 
    "oski_mean_spmv_time": 0.00485820086, 
    "oski_mean_time": 0.060806117401000004, 
    "phil_mean_max_error": 0.15447358423731708, 
    "phil_mean_spmv_time": 0.00485820086, 
    "phil_mean_time": 6.678709200000001e-05, 
    "pphil_mean_max_error": 0.04036511156886616, 
    "pphil_mean_spmv_time": 0.00485820086, 
    "pphil_mean_time": 0.000164716532
}