{
    "oski_mean_max_error": 0.0033606076770950765, 
    "oski_mean_spmv_time": 0.0010535179300000003, 
    "oski_mean_time": 0.014024829550000001, 
    "phil_mean_max_error": 0.002784059707744933, 
    "phil_mean_spmv_time": 0.0010535179300000003, 
    "phil_mean_time": 0.006975114640000001, 
    "pphil_mean_max_error": 0.0026277281515548496, 
    "pphil_mean_spmv_time": 0.0010535179300000003, 
    "pphil_mean_time": 0.00067482437
}