{
    "oski_mean_max_error": 0.010164493157283664, 
    "oski_mean_spmv_time": 0.022351730080000003, 
    "oski_mean_time": 0.050826963931, 
    "phil_mean_max_error": 0.05687047835113887, 
    "phil_mean_spmv_time": 0.022351730080000003, 
    "phil_mean_time": 6.972842500000002e-05, 
    "pphil_mean_max_error": 0.04546158073964718, 
    "pphil_mean_spmv_time": 0.022351730080000003, 
    "pphil_mean_time": 0.00017196393700000002
}