{
    "oski_mean_max_error": 0.012962618444808062, 
    "oski_mean_spmv_time": 0.016541931389999993, 
    "oski_mean_time": 0.041898105250000005, 
    "phil_mean_max_error": 0.03360711387178473, 
    "phil_mean_spmv_time": 0.016541931389999993, 
    "phil_mean_time": 0.00010634698000000002, 
    "pphil_mean_max_error": 0.03477097558019533, 
    "pphil_mean_spmv_time": 0.016541931389999993, 
    "pphil_mean_time": 4.760119e-05
}