{
    "oski_mean_max_error": 0.014525291474693123, 
    "oski_mean_spmv_time": 0.002033407600000001, 
    "oski_mean_time": 0.024523246270000004, 
    "phil_mean_max_error": 0.07239968301920727, 
    "phil_mean_spmv_time": 0.002033407600000001, 
    "phil_mean_time": 6.860320000000001e-05, 
    "pphil_mean_max_error": 0.05084284200974845, 
    "pphil_mean_spmv_time": 0.0013831581500000007, 
    "pphil_mean_time": 0.00016541696
}