{
    "oski_mean_max_error": 0.015217084257503288, 
    "oski_mean_spmv_time": 0.0013831581500000003, 
    "oski_mean_time": 0.024252312233000003, 
    "phil_mean_max_error": 0.04294601086278949, 
    "phil_mean_spmv_time": 0.0013831581500000003, 
    "phil_mean_time": 6.7465994e-05, 
    "pphil_mean_max_error": 0.06986019870038612, 
    "pphil_mean_spmv_time": 0.0013831581500000003, 
    "pphil_mean_time": 0.000180935428
}