{
    "oski_mean_max_error": 0.23208582714908713, 
    "oski_mean_spmv_time": 0.0006510578112000002, 
    "oski_mean_time": 0.00635293648, 
    "phil_mean_max_error": 0.008340863947063855, 
    "phil_mean_spmv_time": 0.0006554832600000004, 
    "phil_mean_time": 0.00937670471, 
    "pphil_mean_max_error": 0.008549739474728098, 
    "pphil_mean_spmv_time": 0.0006554832600000004, 
    "pphil_mean_time": 0.0010224893600000002
}