{
    "oski_mean_max_error": 0.24195320366446949, 
    "oski_mean_spmv_time": 0.0004413250000000001, 
    "oski_mean_time": 0.006089628741000001, 
    "phil_mean_max_error": 0.08511834569436721, 
    "phil_mean_spmv_time": 0.0004413250000000001, 
    "phil_mean_time": 9.2215666e-05, 
    "pphil_mean_max_error": 0.0437147695101912, 
    "pphil_mean_spmv_time": 0.0004413250000000001, 
    "pphil_mean_time": 0.00016242380300000002
}