{
    "oski_mean_max_error": 0.2294584707152362, 
    "oski_mean_spmv_time": 0.0006810021400000001, 
    "oski_mean_time": 0.006651313250000001, 
    "phil_mean_max_error": 0.0940584333959513, 
    "phil_mean_spmv_time": 0.0006810021400000001, 
    "phil_mean_time": 0.00010515339, 
    "pphil_mean_max_error": 0.09615117659898774, 
    "pphil_mean_spmv_time": 0.0006810021400000001, 
    "pphil_mean_time": 5.5153750000000004e-05
}