{
    "oski_mean_max_error": 0.010418629037316586, 
    "oski_mean_spmv_time": 0.0025468151800000006, 
    "oski_mean_time": 0.031657070280000005, 
    "phil_mean_max_error": 0.007394345520594297, 
    "phil_mean_spmv_time": 0.0025468151800000006, 
    "phil_mean_time": 0.00870189399, 
    "pphil_mean_max_error": 0.007654534890608961, 
    "pphil_mean_spmv_time": 0.0025468151800000006, 
    "pphil_mean_time": 0.00078011808
}