{
    "oski_mean_max_error": 0.0014349938999209438, 
    "oski_mean_spmv_time": 0.019970377290000004, 
    "oski_mean_time": 0.42617461987000005, 
    "phil_mean_max_error": 0.041192339720848084, 
    "phil_mean_spmv_time": 0.019970377290000004, 
    "phil_mean_time": 5.142512e-05, 
    "pphil_mean_max_error": 0.02291929365174461, 
    "pphil_mean_spmv_time": 0.019970377290000004, 
    "pphil_mean_time": 0.00016276921
}