{
    "oski_mean_max_error": 0.004571520201075341, 
    "oski_mean_spmv_time": 0.0003974215299999998, 
    "oski_mean_time": 0.00861977545, 
    "phil_mean_max_error": 0.036619933942010574, 
    "phil_mean_spmv_time": 0.0003974215299999998, 
    "phil_mean_time": 6.671031e-05, 
    "pphil_mean_max_error": 0.035819392734685665, 
    "pphil_mean_spmv_time": 0.0003974215299999998, 
    "pphil_mean_time": 3.684681e-05
}