{
    "oski_mean_max_error": 0.00441703279879074, 
    "oski_mean_spmv_time": 0.0005143345600000002, 
    "oski_mean_time": 0.00782594219, 
    "phil_mean_max_error": 0.0027916423023970228, 
    "phil_mean_spmv_time": 0.0005143345600000002, 
    "phil_mean_time": 0.0067063724000000005, 
    "pphil_mean_max_error": 0.0030696512244617726, 
    "pphil_mean_spmv_time": 0.0005143345600000002, 
    "pphil_mean_time": 0.0005927358600000001
}