{
    "oski_mean_max_error": 0.003807793136905617, 
    "oski_mean_spmv_time": 0.0004637121100000002, 
    "oski_mean_time": 0.012179382049000001, 
    "phil_mean_max_error": 0.042747636612335174, 
    "phil_mean_spmv_time": 0.0004637121100000002, 
    "phil_mean_time": 4.4653621000000006e-05, 
    "pphil_mean_max_error": 0.04522251233214313, 
    "pphil_mean_spmv_time": 0.0004637121100000002, 
    "pphil_mean_time": 0.00017238719100000002
}