{
    "oski_mean_max_error": 0.00548674769969773, 
    "oski_mean_spmv_time": 0.006832391049999998, 
    "oski_mean_time": 0.09712462996000001, 
    "phil_mean_max_error": 0.08978245339741088, 
    "phil_mean_spmv_time": 0.006832391049999998, 
    "phil_mean_time": 0.00012278035000000002, 
    "pphil_mean_max_error": 0.08499322262401726, 
    "pphil_mean_spmv_time": 0.006832391049999998, 
    "pphil_mean_time": 5.588725e-05
}