{
    "oski_mean_max_error": 0.003918399961998712, 
    "oski_mean_spmv_time": 0.0067590568299999996, 
    "oski_mean_time": 0.09707075153800002, 
    "phil_mean_max_error": 0.04687836106128373, 
    "phil_mean_spmv_time": 0.0067590568299999996, 
    "phil_mean_time": 7.7540012e-05, 
    "pphil_mean_max_error": 0.05052123255017221, 
    "pphil_mean_spmv_time": 0.0067590568299999996, 
    "pphil_mean_time": 0.000164644343
}