{
    "oski_mean_max_error": 0.003303367136800362, 
    "oski_mean_spmv_time": 0.0020352298100000006, 
    "oski_mean_time": 0.03344201262, 
    "phil_mean_max_error": 0.12902123238336774, 
    "phil_mean_spmv_time": 0.002051716660200001, 
    "phil_mean_time": 9.442954e-05, 
    "pphil_mean_max_error": 0.13828032755062813, 
    "pphil_mean_spmv_time": 0.002059960085300001, 
    "pphil_mean_time": 4.123222e-05
}