{
    "oski_mean_max_error": 0.0036810476190191144, 
    "oski_mean_spmv_time": 0.00482408273, 
    "oski_mean_time": 0.038573638237, 
    "phil_mean_max_error": 0.13866010057766337, 
    "phil_mean_spmv_time": 0.00482408273, 
    "phil_mean_time": 4.7931303e-05, 
    "pphil_mean_max_error": 0.15935866871868504, 
    "pphil_mean_spmv_time": 0.0038305658899999992, 
    "pphil_mean_time": 0.000167837657
}