{
    "oski_mean_max_error": 0.0032122639791596994, 
    "oski_mean_spmv_time": 0.004824082730000001, 
    "oski_mean_time": 0.03862169445, 
    "phil_mean_max_error": 0.10262654363872434, 
    "phil_mean_spmv_time": 0.00265616841, 
    "phil_mean_time": 4.837141e-05, 
    "pphil_mean_max_error": 0.09551252630896627, 
    "pphil_mean_spmv_time": 0.004824082730000001, 
    "pphil_mean_time": 0.00018446891
}