{
    "oski_mean_max_error": 0.002792406201219652, 
    "oski_mean_spmv_time": 0.0030587478900000005, 
    "oski_mean_time": 0.03217454647, 
    "phil_mean_max_error": 0.011063471432383292, 
    "phil_mean_spmv_time": 0.0030587478900000005, 
    "phil_mean_time": 0.00733426352, 
    "pphil_mean_max_error": 0.010290986002612667, 
    "pphil_mean_spmv_time": 0.0030587478900000005, 
    "pphil_mean_time": 0.00099603407
}