{
    "oski_mean_max_error": 0.001755332606981592, 
    "oski_mean_spmv_time": 0.00929443101, 
    "oski_mean_time": 0.11356544462000001, 
    "phil_mean_max_error": 0.07677596361438858, 
    "phil_mean_spmv_time": 0.00929443101, 
    "phil_mean_time": 5.206894e-05, 
    "pphil_mean_max_error": 0.03569405327416666, 
    "pphil_mean_spmv_time": 0.00929443101, 
    "pphil_mean_time": 0.00016905529000000002
}