{
    "oski_mean_max_error": 0.0024743281707480104, 
    "oski_mean_spmv_time": 0.009294431009999996, 
    "oski_mean_time": 0.11392050879200001, 
    "phil_mean_max_error": 0.0329301313937062, 
    "phil_mean_spmv_time": 0.009294431009999996, 
    "phil_mean_time": 5.483182800000001e-05, 
    "pphil_mean_max_error": 0.09021165645160062, 
    "pphil_mean_spmv_time": 0.009294431009999996, 
    "pphil_mean_time": 0.000164765902
}