{
    "oski_mean_max_error": 0.003199671965785673, 
    "oski_mean_spmv_time": 0.01108811274, 
    "oski_mean_time": 0.08356960677, 
    "phil_mean_max_error": 0.004354356456140284, 
    "phil_mean_spmv_time": 0.01108811274, 
    "phil_mean_time": 0.00852379963, 
    "pphil_mean_max_error": 0.004394990739944108, 
    "pphil_mean_spmv_time": 0.01108811274, 
    "pphil_mean_time": 0.00086412176
}