{
    "oski_mean_max_error": 0.012360148315978451, 
    "oski_mean_spmv_time": 0.005963072250000001, 
    "oski_mean_time": 0.02743620167, 
    "phil_mean_max_error": 0.0014406289629273743, 
    "phil_mean_spmv_time": 0.005963072250000001, 
    "phil_mean_time": 0.00828534266, 
    "pphil_mean_max_error": 0.0015132267210838466, 
    "pphil_mean_spmv_time": 0.005963072250000001, 
    "pphil_mean_time": 0.00071397
}