{
    "oski_mean_max_error": 0.007766956210025196, 
    "oski_mean_spmv_time": 0.005775359569999999, 
    "oski_mean_time": 0.02801164339, 
    "phil_mean_max_error": 0.01694902990428923, 
    "phil_mean_spmv_time": 0.005775359569999999, 
    "phil_mean_time": 6.511858000000001e-05, 
    "pphil_mean_max_error": 0.016074170003774205, 
    "pphil_mean_spmv_time": 0.005775359569999999, 
    "pphil_mean_time": 0.00016501112000000002
}