{
    "oski_mean_max_error": 0.014345899565842174, 
    "oski_mean_spmv_time": 0.00577535957, 
    "oski_mean_time": 0.028463940897000002, 
    "phil_mean_max_error": 0.007528897404332353, 
    "phil_mean_spmv_time": 0.00577535957, 
    "phil_mean_time": 6.5284211e-05, 
    "pphil_mean_max_error": 0.020492432844767407, 
    "pphil_mean_spmv_time": 0.00577535957, 
    "pphil_mean_time": 0.000164913204
}