{
    "oski_mean_max_error": 0.004731741421962465, 
    "oski_mean_spmv_time": 0.0007802766699999998, 
    "oski_mean_time": 0.02030441464, 
    "phil_mean_max_error": 0.10150689966866734, 
    "phil_mean_spmv_time": 0.0008985789843999997, 
    "phil_mean_time": 8.020802e-05, 
    "pphil_mean_max_error": 0.10181810644889185, 
    "pphil_mean_spmv_time": 0.0008920066335999997, 
    "pphil_mean_time": 4.226266e-05
}