{
    "oski_mean_max_error": 0.0052272064387524665, 
    "oski_mean_spmv_time": 0.0017937697, 
    "oski_mean_time": 0.019376464740000002, 
    "phil_mean_max_error": 0.007945661733853738, 
    "phil_mean_spmv_time": 0.0017937697, 
    "phil_mean_time": 0.006424092330000001, 
    "pphil_mean_max_error": 0.007899633548770905, 
    "pphil_mean_spmv_time": 0.0017937697, 
    "pphil_mean_time": 0.00065984134
}