{
    "oski_mean_max_error": 0.005364313292768688, 
    "oski_mean_spmv_time": 0.011594271969999998, 
    "oski_mean_time": 0.12649087938, 
    "phil_mean_max_error": 0.008019807458670248, 
    "phil_mean_spmv_time": 0.011594271969999998, 
    "phil_mean_time": 0.011162472290000001, 
    "pphil_mean_max_error": 0.008106522649495285, 
    "pphil_mean_spmv_time": 0.011594271969999998, 
    "pphil_mean_time": 0.0011040411400000001
}