{
    "oski_mean_max_error": 0.0055312408516576565, 
    "oski_mean_spmv_time": 0.011767345820000002, 
    "oski_mean_time": 0.12834011657000002, 
    "phil_mean_max_error": 0.09855972376605054, 
    "phil_mean_spmv_time": 0.011957332964000002, 
    "phil_mean_time": 0.00011641626000000001, 
    "pphil_mean_max_error": 0.09697738001955658, 
    "pphil_mean_spmv_time": 0.011961422933600004, 
    "pphil_mean_time": 4.8254330000000005e-05
}