{
    "oski_mean_max_error": 0.012602455117075848, 
    "oski_mean_spmv_time": 0.0012146220300000004, 
    "oski_mean_time": 0.022558717010000003, 
    "phil_mean_max_error": 0.006588994685020336, 
    "phil_mean_spmv_time": 0.0012146220300000004, 
    "phil_mean_time": 0.008723176090000001, 
    "pphil_mean_max_error": 0.006323855433202484, 
    "pphil_mean_spmv_time": 0.0012146220300000004, 
    "pphil_mean_time": 0.0008500980200000001
}