{
    "oski_mean_max_error": 0.016169349645825063, 
    "oski_mean_spmv_time": 0.0017343816, 
    "oski_mean_time": 0.02320826758, 
    "phil_mean_max_error": 0.0351871394923426, 
    "phil_mean_spmv_time": 0.0017343816, 
    "phil_mean_time": 6.812524e-05, 
    "pphil_mean_max_error": 0.03360445011336045, 
    "pphil_mean_spmv_time": 0.0017343816, 
    "pphil_mean_time": 0.00017571859000000003
}