{
    "oski_mean_max_error": 0.012285347988504287, 
    "oski_mean_spmv_time": 0.0014548992700000004, 
    "oski_mean_time": 0.02278843481, 
    "phil_mean_max_error": 0.0748700422765214, 
    "phil_mean_spmv_time": 0.0014548992700000004, 
    "phil_mean_time": 0.00010187578000000001, 
    "pphil_mean_max_error": 0.07208389851004939, 
    "pphil_mean_spmv_time": 0.0014548992700000004, 
    "pphil_mean_time": 5.129373e-05
}