{
    "oski_mean_max_error": 0.0026461152200823452, 
    "oski_mean_spmv_time": 0.0017343816000000003, 
    "oski_mean_time": 0.023264562758, 
    "phil_mean_max_error": 0.027547329016002816, 
    "phil_mean_spmv_time": 0.0017343816000000003, 
    "phil_mean_time": 6.9065136e-05, 
    "pphil_mean_max_error": 0.12489391808067692, 
    "pphil_mean_spmv_time": 0.0017343816000000003, 
    "pphil_mean_time": 0.000164686318
}