{
    "oski_mean_max_error": 0.05499473020137329, 
    "oski_mean_spmv_time": 0.002570710180000001, 
    "oski_mean_time": 0.023283830230000004, 
    "phil_mean_max_error": 0.0065094735155170344, 
    "phil_mean_spmv_time": 0.002570710180000001, 
    "phil_mean_time": 0.00921271777, 
    "pphil_mean_max_error": 0.007449396515463007, 
    "pphil_mean_spmv_time": 0.002570710180000001, 
    "pphil_mean_time": 0.00081043493
}