{
    "oski_mean_max_error": 0.024738932838725924, 
    "oski_mean_spmv_time": 0.00277074433, 
    "oski_mean_time": 0.02275048589, 
    "phil_mean_max_error": 0.05297839287748917, 
    "phil_mean_spmv_time": 0.00277074433, 
    "phil_mean_time": 7.47442e-05, 
    "pphil_mean_max_error": 0.04770250648683455, 
    "pphil_mean_spmv_time": 0.00277074433, 
    "pphil_mean_time": 0.00017570066000000003
}