{
    "oski_mean_max_error": 0.05344865909177642, 
    "oski_mean_spmv_time": 0.002761044420000001, 
    "oski_mean_time": 0.02331033649, 
    "phil_mean_max_error": 0.08879248036580284, 
    "phil_mean_spmv_time": 0.0027776238978000013, 
    "phil_mean_time": 0.00012778391, 
    "pphil_mean_max_error": 0.08556576654010399, 
    "pphil_mean_spmv_time": 0.0027638997245000006, 
    "pphil_mean_time": 4.523923e-05
}