{
    "oski_mean_max_error": 0.031922826148900525, 
    "oski_mean_spmv_time": 0.0027707443299999994, 
    "oski_mean_time": 0.021829033565999998, 
    "phil_mean_max_error": 0.031835196083508766, 
    "phil_mean_spmv_time": 0.0027707443299999994, 
    "phil_mean_time": 7.487072599999999e-05, 
    "pphil_mean_max_error": 0.05439793255422345, 
    "pphil_mean_spmv_time": 0.0027707443299999994, 
    "pphil_mean_time": 0.000164460069
}