{
    "oski_mean_max_error": 0.018671451815279107, 
    "oski_mean_spmv_time": 0.00016753935999999997, 
    "oski_mean_time": 0.007437352223000001, 
    "phil_mean_max_error": 0.058623969807768295, 
    "phil_mean_spmv_time": 0.00016753935999999997, 
    "phil_mean_time": 5.897846700000001e-05, 
    "pphil_mean_max_error": 0.041957555284013896, 
    "pphil_mean_spmv_time": 0.00016753935999999997, 
    "pphil_mean_time": 0.000164277646
}