{
    "oski_mean_max_error": 0.02522147757665308, 
    "oski_mean_spmv_time": 0.00016753936, 
    "oski_mean_time": 0.007479589290000001, 
    "phil_mean_max_error": 0.056563572278930725, 
    "phil_mean_spmv_time": 0.00016753936, 
    "phil_mean_time": 5.976193e-05, 
    "pphil_mean_max_error": 0.059167093699058544, 
    "pphil_mean_spmv_time": 0.00016753936, 
    "pphil_mean_time": 0.00016571898000000002
}