{
    "oski_mean_max_error": 0.019480818999257132, 
    "oski_mean_spmv_time": 0.00014177883000000003, 
    "oski_mean_time": 0.00665371159, 
    "phil_mean_max_error": 0.0055691350964362, 
    "phil_mean_spmv_time": 0.00014177883000000003, 
    "phil_mean_time": 0.00765231082, 
    "pphil_mean_max_error": 0.005586784787060324, 
    "pphil_mean_spmv_time": 0.00014177883000000003, 
    "pphil_mean_time": 0.00076715389
}