{
    "oski_mean_max_error": 0.018616778731477913, 
    "oski_mean_spmv_time": 0.00017165083000000004, 
    "oski_mean_time": 0.006985614, 
    "phil_mean_max_error": 0.0658499498942919, 
    "phil_mean_spmv_time": 0.00017365390730000006, 
    "phil_mean_time": 8.012248000000001e-05, 
    "pphil_mean_max_error": 0.06427419681518114, 
    "pphil_mean_spmv_time": 0.00017250929170000006, 
    "pphil_mean_time": 4.484562e-05
}