{
    "oski_mean_max_error": 0.0022091631515402184, 
    "oski_mean_spmv_time": 0.004921505739999999, 
    "oski_mean_time": 0.07030125441, 
    "phil_mean_max_error": 0.006869301809697688, 
    "phil_mean_spmv_time": 0.004921505739999999, 
    "phil_mean_time": 0.01944057774, 
    "pphil_mean_max_error": 0.007146894795358081, 
    "pphil_mean_spmv_time": 0.004921505739999999, 
    "pphil_mean_time": 0.00264887982
}