{
    "oski_mean_max_error": 0.0023312197126302376, 
    "oski_mean_spmv_time": 0.0046568356800000005, 
    "oski_mean_time": 0.06949048717, 
    "phil_mean_max_error": 0.0842755926674786, 
    "phil_mean_spmv_time": 0.0047890147621000015, 
    "phil_mean_time": 0.00017630840000000002, 
    "pphil_mean_max_error": 0.0868446084470082, 
    "pphil_mean_spmv_time": 0.0048045069921, 
    "pphil_mean_time": 5.8460760000000005e-05
}