{
    "oski_mean_max_error": 0.004931180618070739, 
    "oski_mean_spmv_time": 0.0046181508600000015, 
    "oski_mean_time": 0.062842000911, 
    "phil_mean_max_error": 0.05438976613041838, 
    "phil_mean_spmv_time": 0.0046181508600000015, 
    "phil_mean_time": 0.000101951203, 
    "pphil_mean_max_error": 0.10268373870028571, 
    "pphil_mean_spmv_time": 0.0046181508600000015, 
    "pphil_mean_time": 0.000164774798
}