{
    "oski_mean_max_error": 0.007442255746088387, 
    "oski_mean_spmv_time": 0.00018294803, 
    "oski_mean_time": 0.007882198960000001, 
    "phil_mean_max_error": 0.0072817561787189514, 
    "phil_mean_spmv_time": 0.00018294803, 
    "phil_mean_time": 0.01047017275, 
    "pphil_mean_max_error": 0.0068530057599763715, 
    "pphil_mean_spmv_time": 0.00018294803, 
    "pphil_mean_time": 0.00123320833
}