{
    "oski_mean_max_error": 0.003009363138921491, 
    "oski_mean_spmv_time": 0.0008434688400000001, 
    "oski_mean_time": 0.015180541497, 
    "phil_mean_max_error": 0.10037080953002263, 
    "phil_mean_spmv_time": 0.0008434688400000001, 
    "phil_mean_time": 9.599294300000001e-05, 
    "pphil_mean_max_error": 0.043914322880036924, 
    "pphil_mean_spmv_time": 0.0008434688400000001, 
    "pphil_mean_time": 0.000163237033
}