{
    "oski_mean_max_error": 0.00518518288207521, 
    "oski_mean_spmv_time": 0.00115878471, 
    "oski_mean_time": 0.01623830335, 
    "phil_mean_max_error": 0.006760214906178243, 
    "phil_mean_spmv_time": 0.00115878471, 
    "phil_mean_time": 0.010844496860000002, 
    "pphil_mean_max_error": 0.006930798150151252, 
    "pphil_mean_spmv_time": 0.00115878471, 
    "pphil_mean_time": 0.00127479966
}