{
    "oski_mean_max_error": 0.004810639722883442, 
    "oski_mean_spmv_time": 0.00100328628, 
    "oski_mean_time": 0.016397450140000002, 
    "phil_mean_max_error": 0.08927293802729513, 
    "phil_mean_spmv_time": 0.0010591150313, 
    "phil_mean_time": 0.00013149413, 
    "pphil_mean_max_error": 0.08741803357851943, 
    "pphil_mean_spmv_time": 0.0010486592782000001, 
    "pphil_mean_time": 5.337147000000001e-05
}