{
    "oski_mean_max_error": 0.0038447480849802935, 
    "oski_mean_spmv_time": 0.0004666746700000001, 
    "oski_mean_time": 0.00783491605, 
    "phil_mean_max_error": 0.0025255145215251134, 
    "phil_mean_spmv_time": 0.0004666746700000001, 
    "phil_mean_time": 0.006664995210000001, 
    "pphil_mean_max_error": 0.0025797531082230912, 
    "pphil_mean_spmv_time": 0.0004666746700000001, 
    "pphil_mean_time": 0.00058795756
}