{
    "oski_mean_max_error": 0.0037995916925500496, 
    "oski_mean_spmv_time": 0.00036716450000000024, 
    "oski_mean_time": 0.012051654069000002, 
    "phil_mean_max_error": 0.017682286524817518, 
    "phil_mean_spmv_time": 0.00036716450000000024, 
    "phil_mean_time": 4.4463493e-05, 
    "pphil_mean_max_error": 0.02416103246147884, 
    "pphil_mean_spmv_time": 0.00036716450000000024, 
    "pphil_mean_time": 0.000173208812
}