{
    "oski_mean_max_error": 0.0027905889656165556, 
    "oski_mean_spmv_time": 0.00036716450000000024, 
    "oski_mean_time": 0.012055975080000001, 
    "phil_mean_max_error": 0.02943381408284083, 
    "phil_mean_spmv_time": 0.00036716450000000024, 
    "phil_mean_time": 4.609591000000001e-05, 
    "pphil_mean_max_error": 0.020109028713273393, 
    "pphil_mean_spmv_time": 0.00036716450000000024, 
    "pphil_mean_time": 0.00016436506
}