{
    "oski_mean_max_error": 0.003886467285433156, 
    "oski_mean_spmv_time": 0.00026705435000000003, 
    "oski_mean_time": 0.008549039980000001, 
    "phil_mean_max_error": 0.03197350666161352, 
    "phil_mean_spmv_time": 0.00026705435000000003, 
    "phil_mean_time": 6.532928e-05, 
    "pphil_mean_max_error": 0.030429492670313314, 
    "pphil_mean_spmv_time": 0.00026705435000000003, 
    "pphil_mean_time": 4.422159e-05
}