{
    "oski_mean_max_error": 1.8000043200103675, 
    "oski_mean_spmv_time": 0.007442250979000001, 
    "oski_mean_time": 0.03587016038, 
    "phil_mean_max_error": 0.0612926451792155, 
    "phil_mean_spmv_time": 0.0075979750526000015, 
    "phil_mean_time": 0.00014707136, 
    "pphil_mean_max_error": 0.06084871213334392, 
    "pphil_mean_spmv_time": 0.0076053272343000015, 
    "pphil_mean_time": 5.763095e-05
}