{
    "oski_mean_max_error": 1.8000043200103675, 
    "oski_mean_spmv_time": 0.007727622790000003, 
    "oski_mean_time": 0.028124427230000002, 
    "phil_mean_max_error": 0.005240733589729232, 
    "phil_mean_spmv_time": 0.007727622790000003, 
    "phil_mean_time": 0.00977686481, 
    "pphil_mean_max_error": 0.005390467497432547, 
    "pphil_mean_spmv_time": 0.007727622790000003, 
    "pphil_mean_time": 0.0013359476400000001
}