{
    "oski_mean_max_error": 0.017200019522455028, 
    "oski_mean_spmv_time": 1.6239270000000007e-05, 
    "oski_mean_time": 0.000555401986, 
    "phil_mean_max_error": 0.09391905429773595, 
    "phil_mean_spmv_time": 1.6239270000000007e-05, 
    "phil_mean_time": 4.4679919000000004e-05, 
    "pphil_mean_max_error": 0.1445232998344386, 
    "pphil_mean_spmv_time": 1.6239270000000007e-05, 
    "pphil_mean_time": 0.000164367288
}