{
    "oski_mean_max_error": 1.8004321037048892, 
    "oski_mean_spmv_time": 4.754414000000001e-05, 
    "oski_mean_time": 0.000355233287, 
    "phil_mean_max_error": 0.16070541140399988, 
    "phil_mean_spmv_time": 4.754414000000001e-05, 
    "phil_mean_time": 5.1752417e-05, 
    "pphil_mean_max_error": 0.15256862150575673, 
    "pphil_mean_spmv_time": 4.910299000000001e-05, 
    "pphil_mean_time": 0.000164894065
}