{
    "oski_mean_max_error": 1.8004321037048887, 
    "oski_mean_spmv_time": 4.7544140000000014e-05, 
    "oski_mean_time": 0.00035826978, 
    "phil_mean_max_error": 0.02361167260445912, 
    "phil_mean_spmv_time": 4.910299e-05, 
    "phil_mean_time": 5.5177610000000006e-05, 
    "pphil_mean_max_error": 0.1341462002341429, 
    "pphil_mean_spmv_time": 4.910299e-05, 
    "pphil_mean_time": 0.00017382141
}