{
    "oski_mean_max_error": 0.006388174341685404, 
    "oski_mean_spmv_time": 0.0021519563600000003, 
    "oski_mean_time": 0.03213934712, 
    "phil_mean_max_error": 0.006291398358322419, 
    "phil_mean_spmv_time": 0.0021519563600000003, 
    "phil_mean_time": 0.01074825358, 
    "pphil_mean_max_error": 0.006949806365185103, 
    "pphil_mean_spmv_time": 0.0021519563600000003, 
    "pphil_mean_time": 0.0012553445400000003
}