{
    "oski_mean_max_error": 0.06520957679088615, 
    "oski_mean_spmv_time": 1.623927e-05, 
    "oski_mean_time": 0.0005346493, 
    "phil_mean_max_error": 0.09391905429773596, 
    "phil_mean_spmv_time": 1.623927e-05, 
    "phil_mean_time": 4.506694e-05, 
    "pphil_mean_max_error": 0.09391905429773596, 
    "pphil_mean_spmv_time": 1.623927e-05, 
    "pphil_mean_time": 0.00016442460000000002
}