{
    "oski_mean_max_error": 0.011778606807873621, 
    "oski_mean_spmv_time": 0.00024097209999999998, 
    "oski_mean_time": 0.010495184610000001, 
    "phil_mean_max_error": 0.08002778853415572, 
    "phil_mean_spmv_time": 0.00024097209999999998, 
    "phil_mean_time": 0.00010023578, 
    "pphil_mean_max_error": 0.07962714782683206, 
    "pphil_mean_spmv_time": 0.00024097209999999998, 
    "pphil_mean_time": 4.935398000000001e-05
}