{
    "oski_mean_max_error": 0.008867841523753112, 
    "oski_mean_spmv_time": 0.0003580930700000001, 
    "oski_mean_time": 0.010110450673000001, 
    "phil_mean_max_error": 0.1302971176679932, 
    "phil_mean_spmv_time": 0.0003580930700000001, 
    "phil_mean_time": 7.651633600000001e-05, 
    "pphil_mean_max_error": 0.07423065016323772, 
    "pphil_mean_spmv_time": 0.0003580930700000001, 
    "pphil_mean_time": 0.00017299281100000003
}