{
    "oski_mean_max_error": 0.012304076643968346, 
    "oski_mean_spmv_time": 0.0003580930700000002, 
    "oski_mean_time": 0.01020856392, 
    "phil_mean_max_error": 0.12954571360817307, 
    "phil_mean_spmv_time": 0.0003580930700000002, 
    "phil_mean_time": 7.569467e-05, 
    "pphil_mean_max_error": 0.19836930171894074, 
    "pphil_mean_spmv_time": 0.0003580930700000002, 
    "pphil_mean_time": 0.00019663079
}