{
    "oski_mean_max_error": 0.010894814991911488, 
    "oski_mean_spmv_time": 0.0005314107600000002, 
    "oski_mean_time": 0.010207423690000002, 
    "phil_mean_max_error": 0.006945105333708732, 
    "phil_mean_spmv_time": 0.0005314107600000002, 
    "phil_mean_time": 0.009027184260000001, 
    "pphil_mean_max_error": 0.0062624529537051825, 
    "pphil_mean_spmv_time": 0.0005314107600000002, 
    "pphil_mean_time": 0.00105569749
}