{
    "oski_mean_max_error": 0.0023078387212346874, 
    "oski_mean_spmv_time": 0.0003458155699999999, 
    "oski_mean_time": 0.008184258223, 
    "phil_mean_max_error": 0.015984854597047512, 
    "phil_mean_spmv_time": 0.0003458155699999999, 
    "phil_mean_time": 4.4239496000000005e-05, 
    "pphil_mean_max_error": 0.014296199525899781, 
    "pphil_mean_spmv_time": 0.0003458155699999999, 
    "pphil_mean_time": 0.000161263563
}