{
    "oski_mean_max_error": 0.008878922409298086, 
    "oski_mean_spmv_time": 0.0003648584300000002, 
    "oski_mean_time": 0.00536925914, 
    "phil_mean_max_error": 0.001940948115603705, 
    "phil_mean_spmv_time": 0.0003648584300000002, 
    "phil_mean_time": 0.0063601448, 
    "pphil_mean_max_error": 0.0020055394970342143, 
    "pphil_mean_spmv_time": 0.0003648584300000002, 
    "pphil_mean_time": 0.0006386331
}