{
    "oski_mean_max_error": 0.007759554830906386, 
    "oski_mean_spmv_time": 0.0003458155699999999, 
    "oski_mean_time": 0.00810020497, 
    "phil_mean_max_error": 0.02927026929357036, 
    "phil_mean_spmv_time": 0.0003458155699999999, 
    "phil_mean_time": 4.527357e-05, 
    "pphil_mean_max_error": 0.03734663281057872, 
    "pphil_mean_spmv_time": 0.0003458155699999999, 
    "pphil_mean_time": 0.00016509229
}