{
    "oski_mean_max_error": 0.009605505267233382, 
    "oski_mean_spmv_time": 0.00020058587, 
    "oski_mean_time": 0.00601285298, 
    "phil_mean_max_error": 0.024685877469279242, 
    "phil_mean_spmv_time": 0.00020058587, 
    "phil_mean_time": 6.107623e-05, 
    "pphil_mean_max_error": 0.02458095717198273, 
    "pphil_mean_spmv_time": 0.00020058587, 
    "pphil_mean_time": 3.9680080000000005e-05
}