{
    "oski_mean_max_error": 0.006482508298358325, 
    "oski_mean_spmv_time": 0.0022062336200000007, 
    "oski_mean_time": 0.027982191540000003, 
    "phil_mean_max_error": 0.007999385916704418, 
    "phil_mean_spmv_time": 0.0022062336200000007, 
    "phil_mean_time": 0.00807737635, 
    "pphil_mean_max_error": 0.007943738326393954, 
    "pphil_mean_spmv_time": 0.0022062336200000007, 
    "pphil_mean_time": 0.0007274583600000001
}