{
    "oski_mean_max_error": 0.13076483062005317, 
    "oski_mean_spmv_time": 0.0058456585254999995, 
    "oski_mean_time": 0.030995042120000003, 
    "phil_mean_max_error": 0.007640851870244338, 
    "phil_mean_spmv_time": 0.005857289249999998, 
    "phil_mean_time": 0.012377958820000002, 
    "pphil_mean_max_error": 0.008138461652816177, 
    "pphil_mean_spmv_time": 0.005857289249999998, 
    "pphil_mean_time": 0.00127521204
}