{
    "oski_mean_max_error": 0.005957658206696327, 
    "oski_mean_spmv_time": 0.00044958398000000013, 
    "oski_mean_time": 0.010656073270000002, 
    "phil_mean_max_error": 0.07427669095092239, 
    "phil_mean_spmv_time": 0.00044958398000000013, 
    "phil_mean_time": 5.305176e-05, 
    "pphil_mean_max_error": 0.08429504070921955, 
    "pphil_mean_spmv_time": 0.00044958398000000013, 
    "pphil_mean_time": 0.00017329075000000003
}