{
    "oski_mean_max_error": 0.010176127866638336, 
    "oski_mean_spmv_time": 0.0003266751200000002, 
    "oski_mean_time": 0.00940600914, 
    "phil_mean_max_error": 0.007819110481618994, 
    "phil_mean_spmv_time": 0.0003266751200000002, 
    "phil_mean_time": 0.0072520216, 
    "pphil_mean_max_error": 0.0075774774882204, 
    "pphil_mean_spmv_time": 0.0003266751200000002, 
    "pphil_mean_time": 0.0006699777
}