{
    "oski_mean_max_error": 0.009778117036872253, 
    "oski_mean_spmv_time": 0.00033833701000000015, 
    "oski_mean_time": 0.00971592127, 
    "phil_mean_max_error": 0.09485251699055317, 
    "phil_mean_spmv_time": 0.0003364820938000001, 
    "phil_mean_time": 7.917695e-05, 
    "pphil_mean_max_error": 0.08767456871555708, 
    "pphil_mean_spmv_time": 0.0003349138900000001, 
    "pphil_mean_time": 4.339354e-05
}