{
    "oski_mean_max_error": 0.01192665057375126, 
    "oski_mean_spmv_time": 0.00044958398000000013, 
    "oski_mean_time": 0.010555960008000001, 
    "phil_mean_max_error": 0.09104251440132488, 
    "phil_mean_spmv_time": 0.00044958398000000013, 
    "phil_mean_time": 5.2602038000000006e-05, 
    "pphil_mean_max_error": 0.06482648204690779, 
    "pphil_mean_spmv_time": 0.00044958398000000013, 
    "pphil_mean_time": 0.000165311897
}