{
    "oski_mean_max_error": 0.03401943511975226, 
    "oski_mean_spmv_time": 0.0007806242700000004, 
    "oski_mean_time": 0.010445673156, 
    "phil_mean_max_error": 0.07745551403556503, 
    "phil_mean_spmv_time": 0.0007806242700000004, 
    "phil_mean_time": 6.814707200000001e-05, 
    "pphil_mean_max_error": 0.09313692397710872, 
    "pphil_mean_spmv_time": 0.0007806242700000004, 
    "pphil_mean_time": 0.000174849929
}