{
    "oski_mean_max_error": 0.023352302057302866, 
    "oski_mean_spmv_time": 0.0005828222599999999, 
    "oski_mean_time": 0.01096603864, 
    "phil_mean_max_error": 0.00842288284464173, 
    "phil_mean_spmv_time": 0.0005828222599999999, 
    "phil_mean_time": 0.0085270316, 
    "pphil_mean_max_error": 0.008731877485791328, 
    "pphil_mean_spmv_time": 0.0005828222599999999, 
    "pphil_mean_time": 0.00076236303
}