{
    "oski_mean_max_error": 0.05291632395932362, 
    "oski_mean_spmv_time": 0.0007806242700000003, 
    "oski_mean_time": 0.010897438530000001, 
    "phil_mean_max_error": 0.14382948182895533, 
    "phil_mean_spmv_time": 0.0007806242700000003, 
    "phil_mean_time": 7.059582e-05, 
    "pphil_mean_max_error": 0.1259023421559026, 
    "pphil_mean_spmv_time": 0.0007806242700000003, 
    "pphil_mean_time": 0.00016301015000000002
}