{
    "oski_mean_max_error": 0.022575538130121052, 
    "oski_mean_spmv_time": 0.0011217669100000004, 
    "oski_mean_time": 0.010974847400000001, 
    "phil_mean_max_error": 0.09932952106312708, 
    "phil_mean_spmv_time": 0.0010377393335000002, 
    "phil_mean_time": 9.545164e-05, 
    "pphil_mean_max_error": 0.10412717565870677, 
    "pphil_mean_spmv_time": 0.0010644863709000003, 
    "pphil_mean_time": 5.111475000000001e-05
}