{
    "oski_mean_max_error": 0.00574079337602977, 
    "oski_mean_spmv_time": 0.015377706830000004, 
    "oski_mean_time": 0.09554256555, 
    "phil_mean_max_error": 0.05055108683753972, 
    "phil_mean_spmv_time": 0.015377706830000004, 
    "phil_mean_time": 0.00014456254000000003, 
    "pphil_mean_max_error": 0.0495677602390249, 
    "pphil_mean_spmv_time": 0.015377706830000004, 
    "pphil_mean_time": 0.00019654842000000003
}