{
    "oski_mean_max_error": 0.007336169092374016, 
    "oski_mean_spmv_time": 0.012349878720000002, 
    "oski_mean_time": 0.1160368333, 
    "phil_mean_max_error": 0.005473442734691239, 
    "phil_mean_spmv_time": 0.012349878720000002, 
    "phil_mean_time": 0.02250603415, 
    "pphil_mean_max_error": 0.005369076577461589, 
    "pphil_mean_spmv_time": 0.012349878720000002, 
    "pphil_mean_time": 0.0023273168
}