{
    "oski_mean_max_error": 0.008302477603646139, 
    "oski_mean_spmv_time": 0.015377706830000002, 
    "oski_mean_time": 0.09784194729500001, 
    "phil_mean_max_error": 0.04561352830736083, 
    "phil_mean_spmv_time": 0.015377706830000002, 
    "phil_mean_time": 0.000143089617, 
    "pphil_mean_max_error": 0.05869413542891489, 
    "pphil_mean_spmv_time": 0.015377706830000002, 
    "pphil_mean_time": 0.000174846428
}