{
    "oski_mean_max_error": 0.009158775140898152, 
    "oski_mean_spmv_time": 0.0021005831300000004, 
    "oski_mean_time": 0.03074418676, 
    "phil_mean_max_error": 0.006463302850132375, 
    "phil_mean_spmv_time": 0.0021005831300000004, 
    "phil_mean_time": 0.009196890400000001, 
    "pphil_mean_max_error": 0.006899364019450881, 
    "pphil_mean_spmv_time": 0.0021005831300000004, 
    "pphil_mean_time": 0.0011451957
}