{
    "oski_mean_max_error": 0.01225350720243495, 
    "oski_mean_spmv_time": 0.002429121489999999, 
    "oski_mean_time": 0.031521373856, 
    "phil_mean_max_error": 0.09317041827856441, 
    "phil_mean_spmv_time": 0.002429121489999999, 
    "phil_mean_time": 6.319027500000001e-05, 
    "pphil_mean_max_error": 0.04836578734543217, 
    "pphil_mean_spmv_time": 0.002429121489999999, 
    "pphil_mean_time": 0.00016755684900000002
}