{
    "oski_mean_max_error": 0.010693216817488266, 
    "oski_mean_spmv_time": 0.0028719027899999985, 
    "oski_mean_time": 0.032898739132999996, 
    "phil_mean_max_error": 0.02925144878857862, 
    "phil_mean_spmv_time": 0.0028719027899999985, 
    "phil_mean_time": 8.3190134e-05, 
    "pphil_mean_max_error": 0.056673724246528306, 
    "pphil_mean_spmv_time": 0.0028719027899999985, 
    "pphil_mean_time": 0.00016664404800000002
}