{
    "oski_mean_max_error": 0.026213698840115433, 
    "oski_mean_spmv_time": 0.002871902789999999, 
    "oski_mean_time": 0.03075314364, 
    "phil_mean_max_error": 0.08242910923842123, 
    "phil_mean_spmv_time": 0.002871902789999999, 
    "phil_mean_time": 8.136351e-05, 
    "pphil_mean_max_error": 0.062158179338118236, 
    "pphil_mean_spmv_time": 0.002871902789999999, 
    "pphil_mean_time": 0.00016571511
}